seq,Date,AveragePrice,TotalVolume,SmallBags,LargeBags,XLargeBags,type,year,region
1,2015-12-27,2.46,59.682,14.254,0.237,0.0,conventional,2015.0,BaltimoreWashington
2,2015-12-20,2.407,64.268,14.175,0.249,0.0,conventional,2015.0,BaltimoreWashington
3,2015-12-13,2.442,61.951,14.907,0.19,0.0,conventional,2015.0,BaltimoreWashington
4,2015-12-06,2.342,64.914,11.711,0.155,0.0,conventional,2015.0,BaltimoreWashington
5,2015-11-29,2.451,54.58,10.362,0.185,0.0,conventional,2015.0,BaltimoreWashington
6,2015-11-22,2.416,57.202,11.901,0.266,0.0,conventional,2015.0,BaltimoreWashington
7,2015-11-15,2.342,71.833,12.53,0.446,0.0,conventional,2015.0,BaltimoreWashington
8,2015-11-08,2.351,83.097,13.878,0.606,0.0,conventional,2015.0,BaltimoreWashington
9,2015-11-01,2.416,74.222,15.272,0.521,0.0,conventional,2015.0,BaltimoreWashington
10,2015-10-25,2.477,65.689,14.999,0.614,0.0,conventional,2015.0,BaltimoreWashington
11,2015-10-18,2.293,100.56,14.642,0.55,0.0,conventional,2015.0,BaltimoreWashington
12,2015-10-11,2.518,65.356,16.367,0.469,0.0,conventional,2015.0,BaltimoreWashington
13,2015-10-04,2.549,65.744,16.749,0.474,0.0,conventional,2015.0,BaltimoreWashington
14,2015-09-27,2.477,69.628,14.679,0.51,0.0,conventional,2015.0,BaltimoreWashington
15,2015-09-20,2.46,70.927,16.889,0.514,0.0,conventional,2015.0,BaltimoreWashington
16,2015-09-13,2.389,92.499,14.569,0.581,0.0,conventional,2015.0,BaltimoreWashington
17,2015-09-06,2.468,82.362,16.57,0.327,0.001,conventional,2015.0,BaltimoreWashington
18,2015-08-30,2.518,73.472,18.197,0.316,0.018,conventional,2015.0,BaltimoreWashington
19,2015-08-23,2.451,78.394,17.505,0.306,0.027,conventional,2015.0,BaltimoreWashington
20,2015-08-16,2.434,88.275,15.316,0.28,0.002,conventional,2015.0,BaltimoreWashington
21,2015-08-09,2.451,82.152,16.156,0.33,0.0,conventional,2015.0,BaltimoreWashington
22,2015-08-02,2.46,80.06,16.367,0.306,0.0,conventional,2015.0,BaltimoreWashington
23,2015-07-26,2.485,77.293,17.477,0.388,0.001,conventional,2015.0,BaltimoreWashington
24,2015-07-19,2.468,80.019,19.684,0.386,0.001,conventional,2015.0,BaltimoreWashington
25,2015-07-12,2.398,85.093,18.924,0.441,0.024,conventional,2015.0,BaltimoreWashington
26,2015-07-05,2.451,89.63,20.01,0.589,0.012,conventional,2015.0,BaltimoreWashington
27,2015-06-28,2.442,86.226,20.738,0.402,0.016,conventional,2015.0,BaltimoreWashington
28,2015-06-21,2.451,86.284,22.09,0.349,0.023,conventional,2015.0,BaltimoreWashington
29,2015-06-14,2.389,95.505,24.498,0.367,0.055,conventional,2015.0,BaltimoreWashington
30,2015-06-07,2.534,79.431,22.117,0.363,0.026,conventional,2015.0,BaltimoreWashington
31,2015-05-31,2.477,94.918,21.179,0.573,0.027,conventional,2015.0,BaltimoreWashington
32,2015-05-24,2.468,90.866,22.884,0.555,0.011,conventional,2015.0,BaltimoreWashington
33,2015-05-17,2.542,79.085,22.216,0.515,0.002,conventional,2015.0,BaltimoreWashington
34,2015-05-10,2.534,85.521,21.557,0.895,0.0,conventional,2015.0,BaltimoreWashington
35,2015-05-03,2.46,89.697,20.187,0.777,0.004,conventional,2015.0,BaltimoreWashington
36,2015-04-26,2.557,74.784,21.206,0.618,0.01,conventional,2015.0,BaltimoreWashington
37,2015-04-19,2.549,76.286,21.989,0.574,0.0,conventional,2015.0,BaltimoreWashington
38,2015-04-12,2.442,83.763,19.608,0.532,0.0,conventional,2015.0,BaltimoreWashington
39,2015-04-05,2.557,68.807,18.411,0.636,0.087,conventional,2015.0,BaltimoreWashington
40,2015-03-29,2.526,66.368,15.896,0.48,0.0,conventional,2015.0,BaltimoreWashington
41,2015-03-22,2.398,80.89,17.17,0.469,0.0,conventional,2015.0,BaltimoreWashington
42,2015-03-15,2.518,69.37,19.313,0.473,0.0,conventional,2015.0,BaltimoreWashington
43,2015-03-08,2.534,65.775,18.837,0.415,0.0,conventional,2015.0,BaltimoreWashington
44,2015-03-01,2.451,77.012,16.822,0.374,0.0,conventional,2015.0,BaltimoreWashington
45,2015-02-22,2.407,74.985,18.698,0.379,0.0,conventional,2015.0,BaltimoreWashington
46,2015-02-15,2.526,63.732,17.486,0.513,0.0,conventional,2015.0,BaltimoreWashington
47,2015-02-08,2.389,84.493,17.577,0.516,0.0,conventional,2015.0,BaltimoreWashington
48,2015-02-01,2.361,100.742,15.992,0.467,0.0,conventional,2015.0,BaltimoreWashington
49,2015-01-25,2.485,69.293,20.976,0.759,0.0,conventional,2015.0,BaltimoreWashington
50,2015-01-18,2.51,65.774,16.939,0.447,0.0,conventional,2015.0,BaltimoreWashington
51,2015-01-11,2.46,67.023,15.133,0.408,0.0,conventional,2015.0,BaltimoreWashington
52,2015-01-04,2.38,78.803,13.715,0.399,0.0,conventional,2015.0,BaltimoreWashington
53,2015-12-27,2.38,25.55,4.894,0.076,1.237,conventional,2015.0,Detroit
54,2015-12-20,2.398,25.044,4.05,0.293,0.838,conventional,2015.0,Detroit
55,2015-12-13,2.351,27.559,4.832,0.284,0.634,conventional,2015.0,Detroit
56,2015-12-06,2.282,33.98,3.061,0.089,2.274,conventional,2015.0,Detroit
57,2015-11-29,2.407,22.843,3.163,0.092,0.973,conventional,2015.0,Detroit
58,2015-11-22,2.389,27.053,4.739,0.126,0.701,conventional,2015.0,Detroit
59,2015-11-15,2.398,24.893,6.535,0.114,0.635,conventional,2015.0,Detroit
60,2015-11-08,2.332,34.365,3.061,0.073,2.235,conventional,2015.0,Detroit
61,2015-11-01,2.342,34.075,3.518,0.111,2.025,conventional,2015.0,Detroit
62,2015-10-25,2.46,25.134,3.013,0.073,1.19,conventional,2015.0,Detroit
63,2015-10-18,2.272,35.814,6.314,0.082,0.635,conventional,2015.0,Detroit
64,2015-10-11,2.293,36.24,6.872,0.122,0.393,conventional,2015.0,Detroit
65,2015-10-04,2.398,28.64,4.078,0.104,1.236,conventional,2015.0,Detroit
66,2015-09-27,2.46,25.747,3.382,0.108,1.152,conventional,2015.0,Detroit
67,2015-09-20,2.303,37.355,3.818,0.084,2.195,conventional,2015.0,Detroit
68,2015-09-13,2.332,40.147,5.146,0.133,1.739,conventional,2015.0,Detroit
69,2015-09-06,2.389,33.698,4.968,0.124,1.102,conventional,2015.0,Detroit
70,2015-08-30,2.262,42.276,5.252,0.107,1.536,conventional,2015.0,Detroit
71,2015-08-23,2.407,26.797,4.574,0.215,0.729,conventional,2015.0,Detroit
72,2015-08-16,2.272,40.025,5.333,0.157,1.968,conventional,2015.0,Detroit
73,2015-08-09,2.37,34.129,5.494,0.147,1.104,conventional,2015.0,Detroit
74,2015-08-02,2.342,36.474,6.345,0.168,0.746,conventional,2015.0,Detroit
75,2015-07-26,2.293,32.623,9.804,0.252,0.499,conventional,2015.0,Detroit
76,2015-07-19,2.342,37.083,6.14,0.204,1.004,conventional,2015.0,Detroit
77,2015-07-12,2.322,31.005,7.67,0.198,0.41,conventional,2015.0,Detroit
78,2015-07-05,2.361,37.369,6.642,0.185,0.632,conventional,2015.0,Detroit
79,2015-06-28,2.303,32.975,11.13,0.213,0.23,conventional,2015.0,Detroit
80,2015-06-21,2.272,42.458,7.016,0.283,0.945,conventional,2015.0,Detroit
81,2015-06-14,2.342,37.241,8.066,0.179,0.4,conventional,2015.0,Detroit
82,2015-06-07,2.272,44.781,6.192,0.118,1.328,conventional,2015.0,Detroit
83,2015-05-31,2.389,32.44,7.476,0.08,0.446,conventional,2015.0,Detroit
84,2015-05-24,2.332,37.325,9.459,0.072,0.332,conventional,2015.0,Detroit
85,2015-05-17,2.251,49.516,5.349,0.059,1.182,conventional,2015.0,Detroit
86,2015-05-10,2.407,36.092,8.799,0.188,0.193,conventional,2015.0,Detroit
87,2015-05-03,2.361,37.466,6.063,0.079,0.544,conventional,2015.0,Detroit
88,2015-04-26,2.313,36.124,9.39,0.148,0.484,conventional,2015.0,Detroit
89,2015-04-19,2.262,46.864,6.827,0.406,0.894,conventional,2015.0,Detroit
90,2015-04-12,2.322,27.118,10.177,0.245,0.285,conventional,2015.0,Detroit
91,2015-04-05,2.407,29.539,6.6,0.2,0.139,conventional,2015.0,Detroit
92,2015-03-29,2.272,30.405,11.302,0.242,0.13,conventional,2015.0,Detroit
93,2015-03-22,2.272,45.537,4.442,0.075,1.8,conventional,2015.0,Detroit
94,2015-03-15,2.425,25.497,6.216,0.138,0.354,conventional,2015.0,Detroit
95,2015-03-08,2.313,27.87,9.97,0.047,0.439,conventional,2015.0,Detroit
96,2015-03-01,2.272,39.79,5.073,0.114,1.72,conventional,2015.0,Detroit
97,2015-02-22,2.442,25.089,6.679,0.027,0.345,conventional,2015.0,Detroit
98,2015-02-15,2.451,25.56,7.847,0.068,0.304,conventional,2015.0,Detroit
99,2015-02-08,2.407,26.82,5.778,0.102,0.297,conventional,2015.0,Detroit
100,2015-02-01,2.219,53.975,5.4,0.069,1.599,conventional,2015.0,Detroit
101,2015-01-25,2.477,27.733,6.931,0.128,0.317,conventional,2015.0,Detroit
102,2015-01-18,2.398,29.179,9.232,0.107,0.16,conventional,2015.0,Detroit
103,2015-01-11,2.38,33.217,4.864,0.062,0.744,conventional,2015.0,Detroit
104,2015-01-04,2.313,36.969,4.668,0.106,0.839,conventional,2015.0,Detroit
105,2015-12-27,2.219,43.997,11.638,3.162,0.0,conventional,2015.0,SanDiego
106,2015-12-20,2.241,42.048,11.102,3.454,0.0,conventional,2015.0,SanDiego
107,2015-12-13,2.128,46.255,12.805,4.399,0.0,conventional,2015.0,SanDiego
108,2015-12-06,1.902,56.552,11.404,2.823,0.0,conventional,2015.0,SanDiego
109,2015-11-29,2.208,38.529,6.486,1.6,0.0,conventional,2015.0,SanDiego
110,2015-11-22,2.282,38.53,5.995,1.34,0.0,conventional,2015.0,SanDiego
111,2015-11-15,2.14,50.184,6.309,0.848,0.0,conventional,2015.0,SanDiego
112,2015-11-08,2.219,49.239,5.872,0.694,0.0,conventional,2015.0,SanDiego
113,2015-11-01,2.313,46.847,5.357,0.59,0.001,conventional,2015.0,SanDiego
114,2015-10-25,2.38,40.834,4.847,0.312,0.0,conventional,2015.0,SanDiego
115,2015-10-18,2.332,44.766,4.791,0.346,0.0,conventional,2015.0,SanDiego
116,2015-10-11,2.23,49.228,3.549,0.205,0.0,conventional,2015.0,SanDiego
117,2015-10-04,2.407,40.43,3.195,0.396,0.0,conventional,2015.0,SanDiego
118,2015-09-27,2.23,49.199,3.445,0.239,0.0,conventional,2015.0,SanDiego
119,2015-09-20,2.37,44.849,3.956,0.31,0.0,conventional,2015.0,SanDiego
120,2015-09-13,2.38,46.431,4.666,0.475,0.0,conventional,2015.0,SanDiego
121,2015-09-06,2.322,50.268,4.172,0.432,0.0,conventional,2015.0,SanDiego
122,2015-08-30,2.342,49.027,4.55,0.165,0.0,conventional,2015.0,SanDiego
123,2015-08-23,2.442,45.947,3.358,0.156,0.0,conventional,2015.0,SanDiego
124,2015-08-16,2.351,51.42,3.865,0.05,0.0,conventional,2015.0,SanDiego
125,2015-08-09,2.332,63.094,4.113,0.19,0.0,conventional,2015.0,SanDiego
126,2015-08-02,2.37,50.1,4.3,0.114,0.0,conventional,2015.0,SanDiego
127,2015-07-26,2.398,49.534,3.672,0.117,0.0,conventional,2015.0,SanDiego
128,2015-07-19,2.442,46.253,4.123,0.395,0.0,conventional,2015.0,SanDiego
129,2015-07-12,2.398,49.031,3.842,0.347,0.0,conventional,2015.0,SanDiego
130,2015-07-05,2.351,58.774,4.682,0.549,0.0,conventional,2015.0,SanDiego
131,2015-06-28,2.322,49.531,3.794,0.458,0.0,conventional,2015.0,SanDiego
132,2015-06-21,2.241,59.449,4.108,0.458,0.0,conventional,2015.0,SanDiego
133,2015-06-14,2.163,63.075,4.352,0.417,0.0,conventional,2015.0,SanDiego
134,2015-06-07,2.186,60.747,4.621,0.422,0.0,conventional,2015.0,SanDiego
135,2015-05-31,2.197,56.941,3.92,0.424,0.0,conventional,2015.0,SanDiego
136,2015-05-24,2.38,47.742,2.973,0.468,0.0,conventional,2015.0,SanDiego
137,2015-05-17,2.322,45.819,2.94,0.359,0.0,conventional,2015.0,SanDiego
138,2015-05-10,2.14,59.474,4.319,0.361,0.0,conventional,2015.0,SanDiego
139,2015-05-03,2.079,74.076,5.015,0.422,0.0,conventional,2015.0,SanDiego
140,2015-04-26,2.407,43.599,3.769,0.605,0.0,conventional,2015.0,SanDiego
141,2015-04-19,2.342,48.809,2.545,2.238,0.0,conventional,2015.0,SanDiego
142,2015-04-12,2.313,51.525,2.631,2.395,0.002,conventional,2015.0,SanDiego
143,2015-04-05,2.407,46.988,2.546,1.697,0.01,conventional,2015.0,SanDiego
144,2015-03-29,2.38,45.037,2.58,1.963,0.0,conventional,2015.0,SanDiego
145,2015-03-22,2.262,51.576,3.849,0.606,0.0,conventional,2015.0,SanDiego
146,2015-03-15,2.361,46.311,3.792,0.527,0.001,conventional,2015.0,SanDiego
147,2015-03-08,2.251,50.428,4.272,0.51,0.0,conventional,2015.0,SanDiego
148,2015-03-01,2.116,57.255,3.292,0.532,0.003,conventional,2015.0,SanDiego
149,2015-02-22,2.219,51.615,4.223,0.554,0.003,conventional,2015.0,SanDiego
150,2015-02-15,2.241,48.611,3.364,0.543,0.02,conventional,2015.0,SanDiego
151,2015-02-08,2.282,44.839,3.642,0.553,0.022,conventional,2015.0,SanDiego
152,2015-02-01,2.14,69.228,3.662,0.474,0.027,conventional,2015.0,SanDiego
153,2015-01-25,2.322,40.659,3.009,0.471,0.026,conventional,2015.0,SanDiego
154,2015-01-18,2.313,46.106,2.784,0.441,0.043,conventional,2015.0,SanDiego
155,2015-01-11,2.104,54.467,3.181,0.327,0.04,conventional,2015.0,SanDiego
156,2015-01-04,2.241,46.161,3.088,0.559,0.037,conventional,2015.0,SanDiego
157,2015-12-27,2.351,69.221,5.909,0.058,0.002,conventional,2015.0,SanFrancisco
158,2015-12-20,2.442,63.709,6.504,0.077,0.006,conventional,2015.0,SanFrancisco
159,2015-12-13,2.501,61.602,6.902,0.078,0.01,conventional,2015.0,SanFrancisco
160,2015-12-06,2.361,69.498,5.517,0.064,0.01,conventional,2015.0,SanFrancisco
161,2015-11-29,2.351,65.164,5.399,0.065,0.005,conventional,2015.0,SanFrancisco
162,2015-11-22,2.342,70.944,5.591,0.077,0.005,conventional,2015.0,SanFrancisco
163,2015-11-15,2.293,77.585,6.381,0.078,0.004,conventional,2015.0,SanFrancisco
164,2015-11-08,2.639,59.988,7.736,0.069,0.007,conventional,2015.0,SanFrancisco
165,2015-11-01,2.272,86.993,5.893,0.085,0.002,conventional,2015.0,SanFrancisco
166,2015-10-25,2.741,56.134,6.858,0.081,0.004,conventional,2015.0,SanFrancisco
167,2015-10-18,2.721,58.607,7.472,0.076,0.004,conventional,2015.0,SanFrancisco
168,2015-10-11,2.76,56.446,7.203,0.074,0.003,conventional,2015.0,SanFrancisco
169,2015-10-04,2.342,76.287,4.709,0.08,0.003,conventional,2015.0,SanFrancisco
170,2015-09-27,2.625,65.17,6.458,0.079,0.007,conventional,2015.0,SanFrancisco
171,2015-09-20,2.747,57.85,6.866,0.095,0.004,conventional,2015.0,SanFrancisco
172,2015-09-13,2.728,60.384,7.615,0.073,0.002,conventional,2015.0,SanFrancisco
173,2015-09-06,2.734,64.681,7.696,0.081,0.0,conventional,2015.0,SanFrancisco
174,2015-08-30,2.728,64.989,7.884,0.086,0.0,conventional,2015.0,SanFrancisco
175,2015-08-23,2.766,61.021,7.213,0.095,0.0,conventional,2015.0,SanFrancisco
176,2015-08-16,2.766,61.824,7.937,0.085,0.0,conventional,2015.0,SanFrancisco
177,2015-08-09,2.747,60.388,7.416,0.111,0.0,conventional,2015.0,SanFrancisco
178,2015-08-02,2.754,64.516,7.66,0.072,0.0,conventional,2015.0,SanFrancisco
179,2015-07-26,2.76,62.833,7.853,0.089,0.0,conventional,2015.0,SanFrancisco
180,2015-07-19,2.747,63.333,8.167,0.08,0.0,conventional,2015.0,SanFrancisco
181,2015-07-12,2.632,68.035,8.848,0.089,0.042,conventional,2015.0,SanFrancisco
182,2015-07-05,2.728,75.219,10.015,0.088,0.0,conventional,2015.0,SanFrancisco
183,2015-06-28,2.734,64.632,8.446,0.078,0.0,conventional,2015.0,SanFrancisco
184,2015-06-21,2.721,67.372,8.497,0.104,0.0,conventional,2015.0,SanFrancisco
185,2015-06-14,2.715,69.687,7.936,0.107,0.0,conventional,2015.0,SanFrancisco
186,2015-06-07,2.573,75.882,7.625,0.108,0.0,conventional,2015.0,SanFrancisco
187,2015-05-31,2.557,76.411,7.508,0.101,0.0,conventional,2015.0,SanFrancisco
188,2015-05-24,2.617,70.041,7.631,0.108,0.0,conventional,2015.0,SanFrancisco
189,2015-05-17,2.58,70.11,7.164,0.095,0.0,conventional,2015.0,SanFrancisco
190,2015-05-10,2.565,74.267,7.341,0.104,0.0,conventional,2015.0,SanFrancisco
191,2015-05-03,2.303,131.036,6.404,0.097,0.031,conventional,2015.0,SanFrancisco
192,2015-04-26,2.632,68.084,7.85,0.105,0.021,conventional,2015.0,SanFrancisco
193,2015-04-19,2.51,81.882,7.253,0.156,0.0,conventional,2015.0,SanFrancisco
194,2015-04-12,2.588,72.989,7.379,0.129,0.0,conventional,2015.0,SanFrancisco
195,2015-04-05,2.588,74.254,8.86,0.103,0.045,conventional,2015.0,SanFrancisco
196,2015-03-29,2.565,74.258,10.975,0.093,0.0,conventional,2015.0,SanFrancisco
197,2015-03-22,2.477,84.172,10.539,0.082,0.002,conventional,2015.0,SanFrancisco
198,2015-03-15,2.534,77.975,9.376,0.086,0.001,conventional,2015.0,SanFrancisco
199,2015-03-08,2.451,83.078,9.554,0.08,0.012,conventional,2015.0,SanFrancisco
200,2015-03-01,2.251,103.927,6.697,0.073,0.006,conventional,2015.0,SanFrancisco
201,2015-02-22,2.51,77.634,8.009,0.082,0.004,conventional,2015.0,SanFrancisco
202,2015-02-15,2.51,69.652,7.731,0.082,0.005,conventional,2015.0,SanFrancisco
203,2015-02-08,2.219,92.884,7.4,0.073,0.003,conventional,2015.0,SanFrancisco
204,2015-02-01,2.208,135.203,6.439,0.083,0.012,conventional,2015.0,SanFrancisco
205,2015-01-25,2.493,71.352,8.229,0.08,0.007,conventional,2015.0,SanFrancisco
206,2015-01-18,2.501,75.375,7.824,0.052,0.005,conventional,2015.0,SanFrancisco
207,2015-01-11,2.332,91.645,8.571,0.066,0.0,conventional,2015.0,SanFrancisco
208,2015-01-04,2.293,90.78,8.203,0.044,0.001,conventional,2015.0,SanFrancisco
209,2016-12-25,2.688,55.095,14.296,0.263,0.131,conventional,2016.0,BaltimoreWashington
210,2016-12-18,2.493,69.101,13.375,0.285,0.068,conventional,2016.0,BaltimoreWashington
211,2016-12-11,2.603,59.916,15.348,1.103,0.0,conventional,2016.0,BaltimoreWashington
212,2016-12-04,2.646,56.696,15.77,0.174,0.024,conventional,2016.0,BaltimoreWashington
213,2016-11-27,2.701,53.992,14.629,0.172,0.071,conventional,2016.0,BaltimoreWashington
214,2016-11-20,2.773,56.616,18.967,0.188,0.09,conventional,2016.0,BaltimoreWashington
215,2016-11-13,2.851,55.998,15.332,0.135,0.044,conventional,2016.0,BaltimoreWashington
216,2016-11-06,2.89,53.795,14.96,0.105,0.0,conventional,2016.0,BaltimoreWashington
217,2016-10-30,2.923,52.255,13.068,0.057,0.037,conventional,2016.0,BaltimoreWashington
218,2016-10-23,2.918,58.428,16.307,0.038,0.049,conventional,2016.0,BaltimoreWashington
219,2016-10-16,2.827,63.885,19.038,0.124,0.0,conventional,2016.0,BaltimoreWashington
220,2016-10-09,2.766,67.619,18.56,0.133,0.036,conventional,2016.0,BaltimoreWashington
221,2016-10-02,2.809,67.276,19.086,0.142,0.064,conventional,2016.0,BaltimoreWashington
222,2016-09-25,2.76,67.867,18.049,0.125,0.0,conventional,2016.0,BaltimoreWashington
223,2016-09-18,2.708,73.242,19.124,0.375,0.0,conventional,2016.0,BaltimoreWashington
224,2016-09-11,2.595,88.573,16.275,0.404,0.134,conventional,2016.0,BaltimoreWashington
225,2016-09-04,2.715,76.222,19.813,0.29,0.052,conventional,2016.0,BaltimoreWashington
226,2016-08-28,2.754,73.255,19.447,0.398,0.237,conventional,2016.0,BaltimoreWashington
227,2016-08-21,2.695,72.728,20.376,1.52,0.428,conventional,2016.0,BaltimoreWashington
228,2016-08-14,2.721,74.229,21.953,0.698,0.139,conventional,2016.0,BaltimoreWashington
229,2016-08-07,2.721,74.649,21.032,0.229,0.128,conventional,2016.0,BaltimoreWashington
230,2016-07-31,2.803,69.863,19.704,0.071,0.336,conventional,2016.0,BaltimoreWashington
231,2016-07-24,2.797,71.91,19.481,0.101,0.735,conventional,2016.0,BaltimoreWashington
232,2016-07-17,2.688,73.088,23.373,0.226,1.101,conventional,2016.0,BaltimoreWashington
233,2016-07-10,2.617,83.119,21.765,0.245,1.263,conventional,2016.0,BaltimoreWashington
234,2016-07-03,2.625,84.434,21.485,0.297,1.138,conventional,2016.0,BaltimoreWashington
235,2016-06-26,2.61,83.007,20.262,0.306,0.375,conventional,2016.0,BaltimoreWashington
236,2016-06-19,2.617,85.069,20.357,0.309,0.502,conventional,2016.0,BaltimoreWashington
237,2016-06-12,2.595,85.086,20.773,0.345,0.293,conventional,2016.0,BaltimoreWashington
238,2016-06-05,2.588,86.086,20.379,0.833,0.306,conventional,2016.0,BaltimoreWashington
239,2016-05-29,2.477,89.02,20.015,0.372,0.274,conventional,2016.0,BaltimoreWashington
240,2016-05-22,2.477,83.757,21.131,0.295,0.214,conventional,2016.0,BaltimoreWashington
241,2016-05-15,2.416,90.169,18.985,0.619,0.059,conventional,2016.0,BaltimoreWashington
242,2016-05-08,2.251,110.389,20.412,0.269,0.052,conventional,2016.0,BaltimoreWashington
243,2016-05-01,2.37,92.949,19.407,0.324,0.06,conventional,2016.0,BaltimoreWashington
244,2016-04-24,2.425,91.55,19.606,0.313,0.049,conventional,2016.0,BaltimoreWashington
245,2016-04-17,2.425,84.184,18.571,0.303,0.116,conventional,2016.0,BaltimoreWashington
246,2016-04-10,2.416,78.935,18.68,0.254,0.0,conventional,2016.0,BaltimoreWashington
247,2016-04-03,2.434,77.088,17.024,0.281,0.0,conventional,2016.0,BaltimoreWashington
248,2016-03-27,2.477,78.163,17.981,0.314,0.0,conventional,2016.0,BaltimoreWashington
249,2016-03-20,2.398,88.024,18.089,0.269,0.0,conventional,2016.0,BaltimoreWashington
250,2016-03-13,2.468,84.557,18.442,0.291,0.0,conventional,2016.0,BaltimoreWashington
251,2016-03-06,2.493,81.971,19.174,0.274,0.0,conventional,2016.0,BaltimoreWashington
252,2016-02-28,2.416,88.857,16.254,0.262,0.0,conventional,2016.0,BaltimoreWashington
253,2016-02-21,2.485,73.949,18.004,0.637,0.0,conventional,2016.0,BaltimoreWashington
254,2016-02-14,2.407,90.514,16.837,0.679,0.0,conventional,2016.0,BaltimoreWashington
255,2016-02-07,2.398,96.632,21.767,0.493,0.0,conventional,2016.0,BaltimoreWashington
256,2016-01-31,2.407,74.811,16.12,0.359,0.0,conventional,2016.0,BaltimoreWashington
257,2016-01-24,2.389,102.265,23.361,0.583,0.0,conventional,2016.0,BaltimoreWashington
258,2016-01-17,2.46,83.623,21.394,0.259,0.0,conventional,2016.0,BaltimoreWashington
259,2016-01-10,2.46,78.098,18.046,0.24,0.0,conventional,2016.0,BaltimoreWashington
260,2016-01-03,2.407,81.676,14.941,0.229,0.0,conventional,2016.0,BaltimoreWashington
261,2016-12-25,2.361,31.996,16.104,0.219,0.002,conventional,2016.0,Detroit
262,2016-12-18,2.351,29.876,11.74,0.207,0.008,conventional,2016.0,Detroit
263,2016-12-11,2.251,33.311,14.597,0.204,0.026,conventional,2016.0,Detroit
264,2016-12-04,2.092,54.522,18.872,0.363,0.012,conventional,2016.0,Detroit
265,2016-11-27,2.468,26.253,12.115,0.229,0.001,conventional,2016.0,Detroit
266,2016-11-20,2.603,24.358,11.423,0.138,0.001,conventional,2016.0,Detroit
267,2016-11-13,2.632,23.652,10.711,0.087,0.001,conventional,2016.0,Detroit
268,2016-11-06,2.639,23.142,9.781,0.107,0.001,conventional,2016.0,Detroit
269,2016-10-30,2.639,19.394,7.094,0.106,0.001,conventional,2016.0,Detroit
270,2016-10-23,2.603,22.723,8.068,0.249,0.002,conventional,2016.0,Detroit
271,2016-10-16,2.534,25.674,11.234,0.258,0.0,conventional,2016.0,Detroit
272,2016-10-09,2.542,25.389,10.461,0.615,0.013,conventional,2016.0,Detroit
273,2016-10-02,2.526,26.689,11.841,0.76,0.002,conventional,2016.0,Detroit
274,2016-09-25,2.518,27.494,12.47,0.154,0.0,conventional,2016.0,Detroit
275,2016-09-18,2.398,32.075,14.779,0.46,0.017,conventional,2016.0,Detroit
276,2016-09-11,2.389,33.989,14.385,0.44,0.0,conventional,2016.0,Detroit
277,2016-09-04,2.38,32.634,13.819,0.029,0.004,conventional,2016.0,Detroit
278,2016-08-28,2.313,35.342,16.423,0.053,0.035,conventional,2016.0,Detroit
279,2016-08-21,2.442,31.686,12.706,0.011,0.136,conventional,2016.0,Detroit
280,2016-08-14,2.38,36.701,16.899,0.108,0.07,conventional,2016.0,Detroit
281,2016-08-07,2.425,35.276,12.498,1.867,0.078,conventional,2016.0,Detroit
282,2016-07-31,2.451,34.018,12.254,0.581,0.398,conventional,2016.0,Detroit
283,2016-07-24,2.442,35.458,11.154,1.006,1.847,conventional,2016.0,Detroit
284,2016-07-17,2.46,32.824,10.021,0.091,1.695,conventional,2016.0,Detroit
285,2016-07-10,2.468,31.124,8.267,1.5,1.594,conventional,2016.0,Detroit
286,2016-07-03,2.46,33.67,11.357,0.208,1.388,conventional,2016.0,Detroit
287,2016-06-26,2.425,34.439,10.118,0.024,1.876,conventional,2016.0,Detroit
288,2016-06-19,2.303,44.296,13.07,0.173,2.544,conventional,2016.0,Detroit
289,2016-06-12,2.282,41.453,16.065,0.192,1.255,conventional,2016.0,Detroit
290,2016-06-05,2.219,47.313,9.447,0.385,3.845,conventional,2016.0,Detroit
291,2016-05-29,2.342,34.856,12.266,0.444,1.044,conventional,2016.0,Detroit
292,2016-05-22,2.37,30.333,9.476,0.435,0.996,conventional,2016.0,Detroit
293,2016-05-15,2.152,48.565,8.692,1.645,3.587,conventional,2016.0,Detroit
294,2016-05-08,2.262,50.042,9.131,2.105,2.726,conventional,2016.0,Detroit
295,2016-05-01,2.303,31.939,9.792,0.653,1.122,conventional,2016.0,Detroit
296,2016-04-24,2.303,33.111,10.288,0.697,0.816,conventional,2016.0,Detroit
297,2016-04-17,2.272,44.735,6.617,0.626,3.068,conventional,2016.0,Detroit
298,2016-04-10,2.332,31.3,9.209,1.017,0.881,conventional,2016.0,Detroit
299,2016-04-03,2.322,33.511,6.592,2.748,1.383,conventional,2016.0,Detroit
300,2016-03-27,2.351,37.843,5.545,3.765,2.007,conventional,2016.0,Detroit
301,2016-03-20,2.389,37.164,5.837,3.583,1.936,conventional,2016.0,Detroit
302,2016-03-13,2.416,29.953,6.651,3.28,0.956,conventional,2016.0,Detroit
303,2016-03-06,2.272,44.192,4.704,4.357,3.049,conventional,2016.0,Detroit
304,2016-02-28,2.425,34.247,4.971,1.935,1.699,conventional,2016.0,Detroit
305,2016-02-21,2.485,24.782,4.726,1.025,0.896,conventional,2016.0,Detroit
306,2016-02-14,2.303,33.454,6.025,1.217,1.01,conventional,2016.0,Detroit
307,2016-02-07,2.041,59.478,5.866,1.727,3.857,conventional,2016.0,Detroit
308,2016-01-31,2.342,36.461,4.934,1.277,1.513,conventional,2016.0,Detroit
309,2016-01-24,2.241,48.958,5.84,0.451,2.55,conventional,2016.0,Detroit
310,2016-01-17,2.407,29.325,7.077,0.451,1.027,conventional,2016.0,Detroit
311,2016-01-10,2.398,32.6,5.708,0.245,0.992,conventional,2016.0,Detroit
312,2016-01-03,2.152,49.27,5.167,0.21,3.546,conventional,2016.0,Detroit
313,2016-12-25,2.186,47.373,12.566,2.208,0.177,conventional,2016.0,SanDiego
314,2016-12-18,2.197,43.717,11.586,3.895,0.111,conventional,2016.0,SanDiego
315,2016-12-11,2.092,50.512,9.192,5.324,0.042,conventional,2016.0,SanDiego
316,2016-12-04,2.14,49.914,12.868,0.628,0.172,conventional,2016.0,SanDiego
317,2016-11-27,2.38,39.229,9.875,1.063,0.094,conventional,2016.0,SanDiego
318,2016-11-20,2.526,36.968,8.526,1.419,0.039,conventional,2016.0,SanDiego
319,2016-11-13,2.617,35.383,7.499,1.326,0.043,conventional,2016.0,SanDiego
320,2016-11-06,2.821,29.23,4.634,0.88,0.087,conventional,2016.0,SanDiego
321,2016-10-30,2.803,27.094,4.171,0.634,0.01,conventional,2016.0,SanDiego
322,2016-10-23,2.58,36.603,9.11,1.311,0.192,conventional,2016.0,SanDiego
323,2016-10-16,2.542,44.337,13.7,1.699,0.265,conventional,2016.0,SanDiego
324,2016-10-09,2.526,47.305,15.054,2.026,0.05,conventional,2016.0,SanDiego
325,2016-10-02,2.389,53.48,15.993,1.581,0.079,conventional,2016.0,SanDiego
326,2016-09-25,2.351,56.609,18.269,1.282,0.107,conventional,2016.0,SanDiego
327,2016-09-18,2.468,45.72,14.431,1.186,0.135,conventional,2016.0,SanDiego
328,2016-09-11,2.38,49.856,16.178,1.519,0.006,conventional,2016.0,SanDiego
329,2016-09-04,2.361,55.076,17.718,1.094,0.02,conventional,2016.0,SanDiego
330,2016-08-28,2.197,62.004,20.406,1.085,0.047,conventional,2016.0,SanDiego
331,2016-08-21,2.241,57.863,19.454,1.438,0.01,conventional,2016.0,SanDiego
332,2016-08-14,2.477,49.906,14.973,1.584,0.0,conventional,2016.0,SanDiego
333,2016-08-07,2.434,53.496,16.365,2.024,0.0,conventional,2016.0,SanDiego
334,2016-07-31,2.451,52.268,15.666,2.332,0.004,conventional,2016.0,SanDiego
335,2016-07-24,2.468,52.666,14.76,1.813,0.073,conventional,2016.0,SanDiego
336,2016-07-17,2.416,51.957,14.422,2.047,0.087,conventional,2016.0,SanDiego
337,2016-07-10,2.282,60.408,17.194,1.913,0.126,conventional,2016.0,SanDiego
338,2016-07-03,2.342,61.301,19.245,2.016,0.21,conventional,2016.0,SanDiego
339,2016-06-26,2.186,59.592,18.95,1.748,0.073,conventional,2016.0,SanDiego
340,2016-06-19,2.282,57.383,18.4,1.744,0.112,conventional,2016.0,SanDiego
341,2016-06-12,2.175,59.663,18.926,1.973,0.035,conventional,2016.0,SanDiego
342,2016-06-05,2.116,66.116,17.583,3.901,0.025,conventional,2016.0,SanDiego
343,2016-05-29,2.219,57.654,16.036,3.172,0.098,conventional,2016.0,SanDiego
344,2016-05-22,2.054,56.935,15.428,3.034,0.12,conventional,2016.0,SanDiego
345,2016-05-15,2.152,55.371,13.356,3.509,0.0,conventional,2016.0,SanDiego
346,2016-05-08,2.054,64.95,8.206,13.762,0.023,conventional,2016.0,SanDiego
347,2016-05-01,1.917,67.921,5.733,15.561,0.023,conventional,2016.0,SanDiego
348,2016-04-24,1.988,62.349,12.866,6.864,0.0,conventional,2016.0,SanDiego
349,2016-04-17,2.079,62.135,19.933,2.45,0.0,conventional,2016.0,SanDiego
350,2016-04-10,2.128,58.969,17.506,4.434,0.0,conventional,2016.0,SanDiego
351,2016-04-03,2.197,52.712,13.689,5.031,0.0,conventional,2016.0,SanDiego
352,2016-03-27,2.079,61.558,18.05,6.608,0.0,conventional,2016.0,SanDiego
353,2016-03-20,2.028,64.991,22.812,5.13,0.0,conventional,2016.0,SanDiego
354,2016-03-13,2.128,56.795,20.338,5.005,0.0,conventional,2016.0,SanDiego
355,2016-03-06,2.092,62.74,21.849,6.994,0.0,conventional,2016.0,SanDiego
356,2016-02-28,2.079,58.569,20.189,7.08,0.0,conventional,2016.0,SanDiego
357,2016-02-21,2.152,59.22,20.686,4.078,0.0,conventional,2016.0,SanDiego
358,2016-02-14,2.067,59.541,16.173,9.733,0.0,conventional,2016.0,SanDiego
359,2016-02-07,1.808,91.766,29.223,8.652,0.0,conventional,2016.0,SanDiego
360,2016-01-31,1.974,64.333,21.963,3.919,0.0,conventional,2016.0,SanDiego
361,2016-01-24,2.14,56.464,23.811,4.219,0.0,conventional,2016.0,SanDiego
362,2016-01-17,2.067,56.171,14.195,4.561,0.0,conventional,2016.0,SanDiego
363,2016-01-10,2.092,57.861,14.48,10.372,0.0,conventional,2016.0,SanDiego
364,2016-01-03,1.872,71.975,13.882,9.748,0.0,conventional,2016.0,SanDiego
365,2016-12-25,2.468,69.003,5.228,0.746,0.03,conventional,2016.0,SanFrancisco
366,2016-12-18,2.501,64.352,5.237,1.182,0.089,conventional,2016.0,SanFrancisco
367,2016-12-11,2.557,65.543,5.867,1.058,0.095,conventional,2016.0,SanFrancisco
368,2016-12-04,2.721,54.286,6.773,0.114,0.13,conventional,2016.0,SanFrancisco
369,2016-11-27,2.862,48.838,6.768,0.158,0.066,conventional,2016.0,SanFrancisco
370,2016-11-20,2.939,51.075,7.45,0.119,0.327,conventional,2016.0,SanFrancisco
371,2016-11-13,2.965,50.654,7.457,0.098,0.029,conventional,2016.0,SanFrancisco
372,2016-11-06,3.03,49.25,7.403,0.01,0.053,conventional,2016.0,SanFrancisco
373,2016-10-30,3.091,47.794,5.722,0.027,0.197,conventional,2016.0,SanFrancisco
374,2016-10-23,2.929,41.187,8.953,0.297,0.208,conventional,2016.0,SanFrancisco
375,2016-10-16,2.991,59.054,7.435,0.326,0.106,conventional,2016.0,SanFrancisco
376,2016-10-09,2.901,67.308,8.966,0.106,0.002,conventional,2016.0,SanFrancisco
377,2016-10-02,2.721,73.199,10.154,0.117,0.115,conventional,2016.0,SanFrancisco
378,2016-09-25,2.66,86.055,8.979,0.157,0.133,conventional,2016.0,SanFrancisco
379,2016-09-18,2.708,81.358,7.583,0.31,0.204,conventional,2016.0,SanFrancisco
380,2016-09-11,2.66,86.273,9.434,0.069,0.014,conventional,2016.0,SanFrancisco
381,2016-09-04,2.688,85.01,8.233,0.096,0.045,conventional,2016.0,SanFrancisco
382,2016-08-28,2.625,81.241,6.868,0.099,0.131,conventional,2016.0,SanFrancisco
383,2016-08-21,2.549,82.534,7.085,0.086,0.158,conventional,2016.0,SanFrancisco
384,2016-08-14,2.332,111.483,5.84,0.09,0.116,conventional,2016.0,SanFrancisco
385,2016-08-07,2.701,75.357,7.018,0.087,0.03,conventional,2016.0,SanFrancisco
386,2016-07-31,2.721,81.451,7.115,0.095,0.069,conventional,2016.0,SanFrancisco
387,2016-07-24,2.734,81.736,7.285,0.101,0.14,conventional,2016.0,SanFrancisco
388,2016-07-17,2.681,80.407,7.746,0.011,0.142,conventional,2016.0,SanFrancisco
389,2016-07-10,2.639,84.273,8.892,0.069,0.121,conventional,2016.0,SanFrancisco
390,2016-07-03,2.646,89.192,8.692,0.095,0.102,conventional,2016.0,SanFrancisco
391,2016-06-26,2.708,74.955,8.644,0.104,0.111,conventional,2016.0,SanFrancisco
392,2016-06-19,2.667,80.092,8.505,0.108,0.107,conventional,2016.0,SanFrancisco
393,2016-06-12,2.674,77.038,7.294,0.102,0.03,conventional,2016.0,SanFrancisco
394,2016-06-05,2.603,89.915,8.512,0.07,0.041,conventional,2016.0,SanFrancisco
395,2016-05-29,2.595,89.107,7.015,0.068,0.12,conventional,2016.0,SanFrancisco
396,2016-05-22,2.573,81.792,8.097,0.095,0.095,conventional,2016.0,SanFrancisco
397,2016-05-15,2.617,77.206,6.978,0.104,0.046,conventional,2016.0,SanFrancisco
398,2016-05-08,2.361,96.133,8.088,0.089,0.154,conventional,2016.0,SanFrancisco
399,2016-05-01,2.293,100.123,7.149,0.09,0.041,conventional,2016.0,SanFrancisco
400,2016-04-24,2.303,101.743,7.62,0.088,0.077,conventional,2016.0,SanFrancisco
401,2016-04-17,2.632,78.642,8.371,0.09,0.062,conventional,2016.0,SanFrancisco
402,2016-04-10,2.625,76.565,8.568,0.089,0.144,conventional,2016.0,SanFrancisco
403,2016-04-03,2.416,84.974,8.23,0.084,0.003,conventional,2016.0,SanFrancisco
404,2016-03-27,2.688,71.602,9.191,0.083,0.002,conventional,2016.0,SanFrancisco
405,2016-03-20,2.639,73.958,8.198,0.082,0.002,conventional,2016.0,SanFrancisco
406,2016-03-13,2.646,71.4,8.52,0.073,0.005,conventional,2016.0,SanFrancisco
407,2016-03-06,2.557,81.724,9.479,0.08,0.01,conventional,2016.0,SanFrancisco
408,2016-02-28,2.557,82.409,9.997,0.075,0.002,conventional,2016.0,SanFrancisco
409,2016-02-21,2.442,79.983,7.026,0.066,0.003,conventional,2016.0,SanFrancisco
410,2016-02-14,2.595,69.696,9.839,0.069,0.003,conventional,2016.0,SanFrancisco
411,2016-02-07,2.186,135.505,9.025,0.062,0.004,conventional,2016.0,SanFrancisco
412,2016-01-31,2.542,80.504,7.94,0.038,0.014,conventional,2016.0,SanFrancisco
413,2016-01-24,2.351,84.442,6.597,0.017,0.001,conventional,2016.0,SanFrancisco
414,2016-01-17,2.518,73.286,7.919,0.051,0.001,conventional,2016.0,SanFrancisco
415,2016-01-10,2.493,76.584,9.202,0.06,0.0,conventional,2016.0,SanFrancisco
416,2016-01-03,2.23,91.88,8.816,0.037,0.0,conventional,2016.0,SanFrancisco
417,2017-12-31,2.442,84.949,24.567,1.281,0.0,conventional,2017.0,BaltimoreWashington
418,2017-12-24,2.646,62.427,18.457,0.709,0.0,conventional,2017.0,BaltimoreWashington
419,2017-12-17,2.667,62.874,17.798,1.088,0.0,conventional,2017.0,BaltimoreWashington
420,2017-12-10,2.425,94.085,26.395,2.278,0.0,conventional,2017.0,BaltimoreWashington
421,2017-12-03,2.66,65.894,17.314,0.467,0.0,conventional,2017.0,BaltimoreWashington
422,2017-11-26,2.66,62.972,15.758,3.156,0.0,conventional,2017.0,BaltimoreWashington
423,2017-11-19,2.674,64.474,16.749,4.348,0.0,conventional,2017.0,BaltimoreWashington
424,2017-11-12,2.701,65.869,17.891,1.035,0.0,conventional,2017.0,BaltimoreWashington
425,2017-11-05,2.646,73.647,17.355,0.687,0.0,conventional,2017.0,BaltimoreWashington
426,2017-10-29,2.741,68.224,17.969,0.151,0.0,conventional,2017.0,BaltimoreWashington
427,2017-10-22,2.773,67.207,18.466,0.455,0.004,conventional,2017.0,BaltimoreWashington
428,2017-10-15,2.809,66.777,16.689,1.227,0.0,conventional,2017.0,BaltimoreWashington
429,2017-10-08,2.839,59.884,14.73,0.773,0.0,conventional,2017.0,BaltimoreWashington
430,2017-10-01,2.766,70.545,16.79,1.333,0.0,conventional,2017.0,BaltimoreWashington
431,2017-09-24,2.766,67.65,15.807,0.326,0.0,conventional,2017.0,BaltimoreWashington
432,2017-09-17,2.76,66.45,15.876,0.147,0.007,conventional,2017.0,BaltimoreWashington
433,2017-09-10,2.754,66.01,16.953,0.32,0.478,conventional,2017.0,BaltimoreWashington
434,2017-09-03,2.785,67.15,16.83,0.055,0.237,conventional,2017.0,BaltimoreWashington
435,2017-08-27,2.809,65.36,19.263,0.08,0.071,conventional,2017.0,BaltimoreWashington
436,2017-08-20,2.754,69.164,19.885,0.172,0.982,conventional,2017.0,BaltimoreWashington
437,2017-08-13,2.695,69.732,18.616,0.888,0.417,conventional,2017.0,BaltimoreWashington
438,2017-08-06,2.688,69.585,18.299,0.183,0.393,conventional,2017.0,BaltimoreWashington
439,2017-07-30,2.688,65.543,18.755,0.128,0.371,conventional,2017.0,BaltimoreWashington
440,2017-07-23,2.695,69.287,18.111,0.105,0.387,conventional,2017.0,BaltimoreWashington
441,2017-07-16,2.695,67.048,17.711,0.089,0.71,conventional,2017.0,BaltimoreWashington
442,2017-07-09,2.797,70.187,17.031,0.372,0.878,conventional,2017.0,BaltimoreWashington
443,2017-07-02,2.773,67.261,18.231,1.466,1.375,conventional,2017.0,BaltimoreWashington
444,2017-06-25,2.803,69.397,16.733,0.735,0.848,conventional,2017.0,BaltimoreWashington
445,2017-06-18,2.815,71.347,16.925,0.247,0.959,conventional,2017.0,BaltimoreWashington
446,2017-06-11,2.803,74.416,18.45,0.43,0.742,conventional,2017.0,BaltimoreWashington
447,2017-06-04,2.89,75.791,20.147,0.217,0.229,conventional,2017.0,BaltimoreWashington
448,2017-05-28,2.862,77.918,22.142,0.246,0.437,conventional,2017.0,BaltimoreWashington
449,2017-05-21,2.815,75.014,20.254,0.22,0.026,conventional,2017.0,BaltimoreWashington
450,2017-05-14,2.766,73.195,25.958,0.248,0.135,conventional,2017.0,BaltimoreWashington
451,2017-05-07,2.617,109.798,28.286,0.68,0.061,conventional,2017.0,BaltimoreWashington
452,2017-04-30,2.827,76.192,20.3,0.461,0.036,conventional,2017.0,BaltimoreWashington
453,2017-04-23,2.815,74.919,19.717,1.607,0.065,conventional,2017.0,BaltimoreWashington
454,2017-04-16,2.833,71.794,18.283,2.022,0.032,conventional,2017.0,BaltimoreWashington
455,2017-04-09,2.797,73.826,21.833,0.251,0.067,conventional,2017.0,BaltimoreWashington
456,2017-04-02,2.708,80.08,21.37,0.172,0.155,conventional,2017.0,BaltimoreWashington
457,2017-03-26,2.773,73.938,19.664,0.195,0.055,conventional,2017.0,BaltimoreWashington
458,2017-03-19,2.76,73.896,17.956,1.85,0.066,conventional,2017.0,BaltimoreWashington
459,2017-03-12,2.773,76.378,20.287,0.205,0.038,conventional,2017.0,BaltimoreWashington
460,2017-03-05,2.588,88.033,19.068,0.146,0.0,conventional,2017.0,BaltimoreWashington
461,2017-02-26,2.695,81.438,18.596,0.435,0.047,conventional,2017.0,BaltimoreWashington
462,2017-02-19,2.625,72.126,16.966,1.073,0.06,conventional,2017.0,BaltimoreWashington
463,2017-02-12,2.518,92.557,16.623,1.943,0.213,conventional,2017.0,BaltimoreWashington
464,2017-02-05,2.389,117.044,18.736,0.629,0.265,conventional,2017.0,BaltimoreWashington
465,2017-01-29,2.681,78.154,19.391,0.272,0.317,conventional,2017.0,BaltimoreWashington
466,2017-01-22,2.653,82.694,18.79,0.569,0.047,conventional,2017.0,BaltimoreWashington
467,2017-01-15,2.695,74.951,18.84,0.215,0.001,conventional,2017.0,BaltimoreWashington
468,2017-01-08,2.434,102.928,18.34,0.228,0.053,conventional,2017.0,BaltimoreWashington
469,2017-01-01,2.688,63.176,15.135,0.254,0.0,conventional,2017.0,BaltimoreWashington
470,2017-12-31,2.128,46.758,16.16,4.106,0.229,conventional,2017.0,Detroit
471,2017-12-24,2.526,29.815,15.697,1.635,0.104,conventional,2017.0,Detroit
472,2017-12-17,2.38,36.92,14.964,2.055,0.765,conventional,2017.0,Detroit
473,2017-12-10,2.425,31.195,14.854,1.698,0.233,conventional,2017.0,Detroit
474,2017-12-03,2.272,51.591,12.001,7.301,0.123,conventional,2017.0,Detroit
475,2017-11-26,2.493,22.929,8.24,2.76,0.008,conventional,2017.0,Detroit
476,2017-11-19,2.293,35.394,17.588,1.753,0.034,conventional,2017.0,Detroit
477,2017-11-12,2.23,43.29,18.575,3.222,0.06,conventional,2017.0,Detroit
478,2017-11-05,2.303,42.664,20.482,1.66,0.047,conventional,2017.0,Detroit
479,2017-10-29,2.549,31.628,16.376,1.073,0.073,conventional,2017.0,Detroit
480,2017-10-22,2.766,23.038,10.63,1.592,0.079,conventional,2017.0,Detroit
481,2017-10-15,2.885,20.538,8.963,1.312,0.169,conventional,2017.0,Detroit
482,2017-10-08,2.965,20.83,9.866,1.087,0.771,conventional,2017.0,Detroit
483,2017-10-01,2.934,21.584,9.954,0.854,0.831,conventional,2017.0,Detroit
484,2017-09-24,2.901,23.479,10.064,0.44,1.099,conventional,2017.0,Detroit
485,2017-09-17,2.912,23.167,10.194,0.891,1.142,conventional,2017.0,Detroit
486,2017-09-10,2.89,25.11,11.384,0.915,1.125,conventional,2017.0,Detroit
487,2017-09-03,2.821,23.493,9.801,0.533,1.229,conventional,2017.0,Detroit
488,2017-08-27,2.58,30.4,13.312,0.588,1.187,conventional,2017.0,Detroit
489,2017-08-20,2.526,38.825,19.199,0.815,1.313,conventional,2017.0,Detroit
490,2017-08-13,2.741,28.668,13.713,1.043,1.339,conventional,2017.0,Detroit
491,2017-08-06,2.526,40.075,18.566,0.733,1.952,conventional,2017.0,Detroit
492,2017-07-30,2.557,33.985,13.305,1.249,1.265,conventional,2017.0,Detroit
493,2017-07-23,2.741,26.725,11.342,0.255,1.403,conventional,2017.0,Detroit
494,2017-07-16,2.468,38.597,15.552,0.48,2.346,conventional,2017.0,Detroit
495,2017-07-09,2.293,50.277,23.221,2.898,2.222,conventional,2017.0,Detroit
496,2017-07-02,2.501,39.251,18.372,1.673,2.031,conventional,2017.0,Detroit
497,2017-06-25,2.313,40.291,20.099,3.194,0.155,conventional,2017.0,Detroit
498,2017-06-18,2.14,66.894,34.96,2.297,0.325,conventional,2017.0,Detroit
499,2017-06-11,2.549,31.524,15.999,0.279,0.149,conventional,2017.0,Detroit
500,2017-06-04,2.534,36.151,17.401,1.215,0.499,conventional,2017.0,Detroit
501,2017-05-28,2.557,36.191,12.622,4.727,1.416,conventional,2017.0,Detroit
502,2017-05-21,2.58,30.767,12.329,1.685,1.59,conventional,2017.0,Detroit
503,2017-05-14,2.332,44.535,22.583,1.358,1.046,conventional,2017.0,Detroit
504,2017-05-07,2.293,62.548,25.951,1.235,2.602,conventional,2017.0,Detroit
505,2017-04-30,2.695,32.498,15.07,1.133,1.04,conventional,2017.0,Detroit
506,2017-04-23,2.681,29.579,14.467,0.401,1.078,conventional,2017.0,Detroit
507,2017-04-16,2.674,34.255,16.525,0.361,1.484,conventional,2017.0,Detroit
508,2017-04-09,2.715,28.472,12.353,0.383,1.064,conventional,2017.0,Detroit
509,2017-04-02,2.695,28.864,13.164,0.318,0.858,conventional,2017.0,Detroit
510,2017-03-26,2.695,28.911,12.543,0.313,1.55,conventional,2017.0,Detroit
511,2017-03-19,2.695,26.212,10.193,0.325,1.36,conventional,2017.0,Detroit
512,2017-03-12,2.667,23.821,8.064,0.579,1.21,conventional,2017.0,Detroit
513,2017-03-05,2.272,38.317,18.467,0.292,1.106,conventional,2017.0,Detroit
514,2017-02-26,2.116,54.032,18.668,0.301,3.181,conventional,2017.0,Detroit
515,2017-02-19,2.37,31.127,14.72,0.339,1.195,conventional,2017.0,Detroit
516,2017-02-12,2.001,47.56,21.298,1.403,0.172,conventional,2017.0,Detroit
517,2017-02-05,1.872,79.77,32.179,0.637,0.009,conventional,2017.0,Detroit
518,2017-01-29,2.313,38.151,17.439,0.378,0.015,conventional,2017.0,Detroit
519,2017-01-22,2.128,61.659,25.43,0.381,0.045,conventional,2017.0,Detroit
520,2017-01-15,2.282,39.712,18.179,1.133,0.0,conventional,2017.0,Detroit
521,2017-01-08,2.197,47.064,22.573,0.342,0.0,conventional,2017.0,Detroit
522,2017-01-01,2.015,48.061,19.431,0.205,0.002,conventional,2017.0,Detroit
523,2017-12-31,2.282,61.97,12.957,0.47,0.197,conventional,2017.0,SanDiego
524,2017-12-24,2.46,39.733,10.694,0.423,0.272,conventional,2017.0,SanDiego
525,2017-12-17,1.988,71.909,10.818,0.42,0.275,conventional,2017.0,SanDiego
526,2017-12-10,2.425,44.215,11.475,0.873,0.261,conventional,2017.0,SanDiego
527,2017-12-03,2.38,47.957,12.405,0.483,0.272,conventional,2017.0,SanDiego
528,2017-11-26,2.518,38.447,9.337,0.915,0.321,conventional,2017.0,SanDiego
529,2017-11-19,2.526,40.948,13.321,0.992,0.255,conventional,2017.0,SanDiego
530,2017-11-12,2.451,43.359,10.053,0.551,0.335,conventional,2017.0,SanDiego
531,2017-11-05,2.342,49.343,8.804,0.392,0.239,conventional,2017.0,SanDiego
532,2017-10-29,2.303,59.393,9.171,0.448,0.05,conventional,2017.0,SanDiego
533,2017-10-22,2.754,34.388,6.834,0.406,0.0,conventional,2017.0,SanDiego
534,2017-10-15,2.815,32.292,5.936,0.436,0.0,conventional,2017.0,SanDiego
535,2017-10-08,2.907,31.483,5.285,0.415,0.0,conventional,2017.0,SanDiego
536,2017-10-01,2.879,32.174,5.917,0.404,0.0,conventional,2017.0,SanDiego
537,2017-09-24,2.856,33.096,6.778,0.312,0.0,conventional,2017.0,SanDiego
538,2017-09-17,2.839,34.116,6.868,0.391,0.0,conventional,2017.0,SanDiego
539,2017-09-10,2.839,35.122,7.173,0.46,0.019,conventional,2017.0,SanDiego
540,2017-09-03,2.721,40.24,6.885,0.546,0.024,conventional,2017.0,SanDiego
541,2017-08-27,2.885,35.645,6.769,0.454,0.098,conventional,2017.0,SanDiego
542,2017-08-20,2.803,37.904,8.843,0.699,0.135,conventional,2017.0,SanDiego
543,2017-08-13,2.518,49.911,11.304,0.703,0.101,conventional,2017.0,SanDiego
544,2017-08-06,2.595,47.654,11.336,0.664,0.24,conventional,2017.0,SanDiego
545,2017-07-30,2.695,44.401,10.195,0.675,0.195,conventional,2017.0,SanDiego
546,2017-07-23,2.681,45.537,10.199,0.44,0.311,conventional,2017.0,SanDiego
547,2017-07-16,2.695,44.954,10.24,0.488,0.299,conventional,2017.0,SanDiego
548,2017-07-09,2.493,57.541,18.726,0.015,0.355,conventional,2017.0,SanDiego
549,2017-07-02,2.51,58.448,19.141,0.005,0.351,conventional,2017.0,SanDiego
550,2017-06-25,2.351,58.624,22.063,0.02,0.178,conventional,2017.0,SanDiego
551,2017-06-18,2.398,59.173,18.939,0.039,0.465,conventional,2017.0,SanDiego
552,2017-06-11,2.46,52.281,18.766,0.016,0.296,conventional,2017.0,SanDiego
553,2017-06-04,2.425,55.999,21.939,0.016,0.228,conventional,2017.0,SanDiego
554,2017-05-28,2.542,53.249,17.288,0.002,0.565,conventional,2017.0,SanDiego
555,2017-05-21,2.542,48.152,15.857,0.007,0.362,conventional,2017.0,SanDiego
556,2017-05-14,2.38,55.695,20.631,0.009,0.217,conventional,2017.0,SanDiego
557,2017-05-07,2.351,61.305,22.102,0.02,0.186,conventional,2017.0,SanDiego
558,2017-04-30,2.468,49.838,16.666,0.013,0.183,conventional,2017.0,SanDiego
559,2017-04-23,2.468,50.037,18.412,0.107,0.061,conventional,2017.0,SanDiego
560,2017-04-16,2.557,46.562,15.617,0.012,0.09,conventional,2017.0,SanDiego
561,2017-04-09,2.501,46.106,16.095,0.265,0.069,conventional,2017.0,SanDiego
562,2017-04-02,2.501,45.533,15.415,0.401,0.071,conventional,2017.0,SanDiego
563,2017-03-26,2.549,43.047,14.72,0.029,0.09,conventional,2017.0,SanDiego
564,2017-03-19,2.526,46.036,15.473,0.129,0.102,conventional,2017.0,SanDiego
565,2017-03-12,2.518,44.531,12.259,0.104,0.193,conventional,2017.0,SanDiego
566,2017-03-05,2.342,51.77,15.781,0.055,0.043,conventional,2017.0,SanDiego
567,2017-02-26,2.175,57.208,19.7,0.345,0.056,conventional,2017.0,SanDiego
568,2017-02-19,2.272,49.733,15.401,0.501,0.04,conventional,2017.0,SanDiego
569,2017-02-12,1.946,64.513,22.071,0.765,0.028,conventional,2017.0,SanDiego
570,2017-02-05,1.841,89.274,31.887,0.289,0.003,conventional,2017.0,SanDiego
571,2017-01-29,1.872,77.631,21.0,1.341,0.306,conventional,2017.0,SanDiego
572,2017-01-22,2.001,69.587,17.936,1.305,0.0,conventional,2017.0,SanDiego
573,2017-01-15,2.163,58.019,16.815,2.324,0.072,conventional,2017.0,SanDiego
574,2017-01-08,2.262,58.284,16.198,3.631,0.034,conventional,2017.0,SanDiego
575,2017-01-01,2.23,56.031,15.052,3.78,0.113,conventional,2017.0,SanDiego
576,2017-12-31,2.219,117.482,13.691,0.003,0.17,conventional,2017.0,SanFrancisco
577,2017-12-24,2.442,86.092,11.735,0.003,0.272,conventional,2017.0,SanFrancisco
578,2017-12-17,2.639,67.463,10.544,0.005,0.256,conventional,2017.0,SanFrancisco
579,2017-12-10,2.351,99.287,9.182,0.006,0.29,conventional,2017.0,SanFrancisco
580,2017-12-03,2.549,79.885,9.733,0.011,0.18,conventional,2017.0,SanFrancisco
581,2017-11-26,2.721,63.094,10.01,0.006,0.271,conventional,2017.0,SanFrancisco
582,2017-11-19,2.695,65.769,9.129,0.013,0.202,conventional,2017.0,SanFrancisco
583,2017-11-12,2.542,87.51,8.446,0.007,0.177,conventional,2017.0,SanFrancisco
584,2017-11-05,2.646,78.763,8.496,0.009,0.196,conventional,2017.0,SanFrancisco
585,2017-10-29,2.747,71.657,8.585,0.004,0.102,conventional,2017.0,SanFrancisco
586,2017-10-22,2.754,76.837,7.565,0.01,0.033,conventional,2017.0,SanFrancisco
587,2017-10-15,2.868,67.124,8.485,0.023,0.037,conventional,2017.0,SanFrancisco
588,2017-10-08,2.803,78.071,7.049,0.042,0.049,conventional,2017.0,SanFrancisco
589,2017-10-01,2.885,66.045,7.281,0.045,0.047,conventional,2017.0,SanFrancisco
590,2017-09-24,2.868,65.375,7.057,0.046,0.031,conventional,2017.0,SanFrancisco
591,2017-09-17,2.896,64.832,8.689,0.016,0.035,conventional,2017.0,SanFrancisco
592,2017-09-10,2.839,68.864,9.222,0.019,0.062,conventional,2017.0,SanFrancisco
593,2017-09-03,2.879,66.786,8.885,0.008,0.131,conventional,2017.0,SanFrancisco
594,2017-08-27,3.04,60.015,8.002,0.015,0.213,conventional,2017.0,SanFrancisco
595,2017-08-20,3.03,56.154,9.445,0.093,0.358,conventional,2017.0,SanFrancisco
596,2017-08-13,2.557,82.14,7.267,0.106,0.382,conventional,2017.0,SanFrancisco
597,2017-08-06,2.785,72.356,8.599,0.075,0.287,conventional,2017.0,SanFrancisco
598,2017-07-30,2.565,89.744,6.714,0.093,0.433,conventional,2017.0,SanFrancisco
599,2017-07-23,2.809,67.518,7.808,0.106,0.176,conventional,2017.0,SanFrancisco
600,2017-07-16,2.856,73.233,6.714,0.09,0.175,conventional,2017.0,SanFrancisco
601,2017-07-09,2.827,71.508,6.895,0.125,0.263,conventional,2017.0,SanFrancisco
602,2017-07-02,2.833,70.081,8.211,0.139,0.502,conventional,2017.0,SanFrancisco
603,2017-06-25,2.728,87.494,8.63,0.153,0.342,conventional,2017.0,SanFrancisco
604,2017-06-18,2.874,66.039,10.079,0.113,0.345,conventional,2017.0,SanFrancisco
605,2017-06-11,2.89,60.86,9.122,0.114,0.169,conventional,2017.0,SanFrancisco
606,2017-06-04,2.907,65.043,8.973,0.111,0.292,conventional,2017.0,SanFrancisco
607,2017-05-28,2.879,66.408,8.54,0.081,0.4,conventional,2017.0,SanFrancisco
608,2017-05-21,2.923,65.23,9.732,0.116,0.166,conventional,2017.0,SanFrancisco
609,2017-05-14,2.874,65.238,11.015,0.113,0.365,conventional,2017.0,SanFrancisco
610,2017-05-07,2.653,95.683,8.657,0.062,0.348,conventional,2017.0,SanFrancisco
611,2017-04-30,2.96,61.21,8.445,0.067,0.167,conventional,2017.0,SanFrancisco
612,2017-04-23,2.907,61.356,7.92,0.055,0.304,conventional,2017.0,SanFrancisco
613,2017-04-16,2.827,67.028,8.458,0.025,0.162,conventional,2017.0,SanFrancisco
614,2017-04-09,2.501,96.195,7.274,0.013,0.069,conventional,2017.0,SanFrancisco
615,2017-04-02,2.885,63.254,8.555,0.007,0.169,conventional,2017.0,SanFrancisco
616,2017-03-26,2.885,61.798,8.176,0.021,0.622,conventional,2017.0,SanFrancisco
617,2017-03-19,2.885,63.905,8.729,0.034,0.142,conventional,2017.0,SanFrancisco
618,2017-03-12,2.89,62.091,8.236,0.041,0.335,conventional,2017.0,SanFrancisco
619,2017-03-05,2.766,67.224,8.667,0.117,0.254,conventional,2017.0,SanFrancisco
620,2017-02-26,2.468,89.169,7.665,0.099,0.371,conventional,2017.0,SanFrancisco
621,2017-02-19,2.46,86.369,6.646,0.096,0.16,conventional,2017.0,SanFrancisco
622,2017-02-12,2.434,76.598,7.67,0.105,0.492,conventional,2017.0,SanFrancisco
623,2017-02-05,2.128,155.798,7.146,0.098,0.334,conventional,2017.0,SanFrancisco
624,2017-01-29,2.425,90.965,7.335,0.084,1.091,conventional,2017.0,SanFrancisco
625,2017-01-22,2.241,108.951,5.939,0.329,0.15,conventional,2017.0,SanFrancisco
626,2017-01-15,2.51,84.827,6.029,0.571,0.167,conventional,2017.0,SanFrancisco
627,2017-01-08,2.501,95.377,8.043,0.632,0.259,conventional,2017.0,SanFrancisco
628,2017-01-01,2.251,104.718,6.04,0.552,0.105,conventional,2017.0,SanFrancisco
629,2018-03-25,2.51,98.604,27.751,0.278,0.136,conventional,2018.0,BaltimoreWashington
630,2018-03-18,2.451,111.324,48.34,0.292,0.189,conventional,2018.0,BaltimoreWashington
631,2018-03-11,2.61,87.478,27.883,0.235,0.007,conventional,2018.0,BaltimoreWashington
632,2018-03-04,2.526,98.857,25.682,0.423,0.007,conventional,2018.0,BaltimoreWashington
633,2018-02-25,2.617,83.629,24.337,0.393,0.024,conventional,2018.0,BaltimoreWashington
634,2018-02-18,2.653,79.652,20.632,0.403,0.093,conventional,2018.0,BaltimoreWashington
635,2018-02-11,2.646,90.056,23.381,0.429,0.017,conventional,2018.0,BaltimoreWashington
636,2018-02-04,2.416,122.51,36.909,0.251,0.009,conventional,2018.0,BaltimoreWashington
637,2018-01-28,2.416,115.254,22.593,0.202,0.001,conventional,2018.0,BaltimoreWashington
638,2018-01-21,2.468,110.221,30.438,0.509,0.0,conventional,2018.0,BaltimoreWashington
639,2018-01-14,2.701,79.973,21.296,0.478,0.0,conventional,2018.0,BaltimoreWashington
640,2018-01-07,2.708,77.131,18.93,2.136,0.0,conventional,2018.0,BaltimoreWashington
641,2018-03-25,2.442,47.764,21.13,2.181,2.741,conventional,2018.0,Detroit
642,2018-03-18,2.389,42.86,22.004,3.712,1.5,conventional,2018.0,Detroit
643,2018-03-11,2.434,44.33,17.804,4.994,1.958,conventional,2018.0,Detroit
644,2018-03-04,2.468,40.005,21.678,1.366,1.253,conventional,2018.0,Detroit
645,2018-02-25,2.38,46.441,18.598,3.225,2.943,conventional,2018.0,Detroit
646,2018-02-18,2.407,36.197,17.774,4.895,1.208,conventional,2018.0,Detroit
647,2018-02-11,2.219,43.538,15.601,4.287,1.321,conventional,2018.0,Detroit
648,2018-02-04,1.902,88.054,26.693,8.952,0.919,conventional,2018.0,Detroit
649,2018-01-28,2.434,36.746,17.772,2.302,0.119,conventional,2018.0,Detroit
650,2018-01-21,2.262,57.016,14.657,6.517,0.479,conventional,2018.0,Detroit
651,2018-01-14,2.468,36.963,16.275,3.603,0.125,conventional,2018.0,Detroit
652,2018-01-07,2.219,51.214,19.56,4.509,0.223,conventional,2018.0,Detroit
653,2018-03-25,2.398,48.832,16.826,0.744,0.209,conventional,2018.0,SanDiego
654,2018-03-18,2.219,64.349,20.197,0.999,0.267,conventional,2018.0,SanDiego
655,2018-03-11,2.434,51.216,19.784,0.65,0.126,conventional,2018.0,SanDiego
656,2018-03-04,2.518,45.912,16.518,0.646,0.281,conventional,2018.0,SanDiego
657,2018-02-25,2.37,53.836,17.453,0.629,0.264,conventional,2018.0,SanDiego
658,2018-02-18,2.51,44.796,14.762,0.741,0.283,conventional,2018.0,SanDiego
659,2018-02-11,2.23,55.893,17.571,0.587,0.219,conventional,2018.0,SanDiego
660,2018-02-04,2.175,85.81,19.368,0.855,0.272,conventional,2018.0,SanDiego
661,2018-01-28,2.37,56.613,11.837,0.445,0.244,conventional,2018.0,SanDiego
662,2018-01-21,2.534,46.071,12.168,0.473,0.229,conventional,2018.0,SanDiego
663,2018-01-14,2.646,43.965,11.351,0.469,0.237,conventional,2018.0,SanDiego
664,2018-01-07,2.468,46.472,12.504,0.617,0.289,conventional,2018.0,SanDiego
665,2018-03-25,2.313,120.327,10.303,0.019,0.376,conventional,2018.0,SanFrancisco
666,2018-03-18,2.625,77.73,11.969,0.009,0.443,conventional,2018.0,SanFrancisco
667,2018-03-11,2.557,90.433,19.381,0.02,0.327,conventional,2018.0,SanFrancisco
668,2018-03-04,2.451,105.131,23.191,0.129,0.322,conventional,2018.0,SanFrancisco
669,2018-02-25,2.46,98.4,16.291,0.061,0.331,conventional,2018.0,SanFrancisco
670,2018-02-18,2.361,114.907,11.322,0.032,0.364,conventional,2018.0,SanFrancisco
671,2018-02-11,2.58,82.309,14.406,0.012,0.286,conventional,2018.0,SanFrancisco
672,2018-02-04,2.128,170.625,12.617,0.028,0.294,conventional,2018.0,SanFrancisco
673,2018-01-28,2.625,82.135,15.023,0.04,0.302,conventional,2018.0,SanFrancisco
674,2018-01-21,2.313,130.193,11.786,0.008,0.225,conventional,2018.0,SanFrancisco
675,2018-01-14,2.493,111.738,13.09,0.094,0.301,conventional,2018.0,SanFrancisco
676,2018-01-07,2.681,81.809,13.644,0.01,0.281,conventional,2018.0,SanFrancisco
677,2015-12-27,2.715,1.42,0.225,0.601,0.0,organic,2015.0,BaltimoreWashington
678,2015-12-20,2.815,0.93,0.142,0.225,0.0,organic,2015.0,BaltimoreWashington
679,2015-12-13,2.845,1.24,0.292,0.408,0.0,organic,2015.0,BaltimoreWashington
680,2015-12-06,2.681,0.972,0.072,0.376,0.0,organic,2015.0,BaltimoreWashington
681,2015-11-29,2.58,1.096,0.033,0.374,0.0,organic,2015.0,BaltimoreWashington
682,2015-11-22,2.632,0.958,0.06,0.159,0.0,organic,2015.0,BaltimoreWashington
683,2015-11-15,2.797,0.688,0.048,0.004,0.0,organic,2015.0,BaltimoreWashington
684,2015-11-08,2.803,0.716,0.085,0.007,0.0,organic,2015.0,BaltimoreWashington
685,2015-11-01,2.773,0.942,0.094,0.037,0.0,organic,2015.0,BaltimoreWashington
686,2015-10-25,2.766,1.122,0.093,0.178,0.0,organic,2015.0,BaltimoreWashington
687,2015-10-18,2.734,1.022,0.091,0.183,0.0,organic,2015.0,BaltimoreWashington
688,2015-10-11,2.728,0.945,0.103,0.172,0.0,organic,2015.0,BaltimoreWashington
689,2015-10-04,2.791,0.886,0.165,0.0,0.0,organic,2015.0,BaltimoreWashington
690,2015-09-27,2.833,0.755,0.172,0.001,0.0,organic,2015.0,BaltimoreWashington
691,2015-09-20,2.603,1.115,0.282,0.0,0.0,organic,2015.0,BaltimoreWashington
692,2015-09-13,2.773,1.177,0.42,0.0,0.0,organic,2015.0,BaltimoreWashington
693,2015-09-06,2.76,1.438,0.598,0.001,0.0,organic,2015.0,BaltimoreWashington
694,2015-08-30,2.773,1.263,0.422,0.0,0.0,organic,2015.0,BaltimoreWashington
695,2015-08-23,2.845,1.156,0.309,0.0,0.0,organic,2015.0,BaltimoreWashington
696,2015-08-16,2.862,1.028,0.14,0.002,0.0,organic,2015.0,BaltimoreWashington
697,2015-08-09,2.809,1.313,0.423,0.001,0.0,organic,2015.0,BaltimoreWashington
698,2015-08-02,2.845,1.194,0.398,0.001,0.0,organic,2015.0,BaltimoreWashington
699,2015-07-26,2.845,0.85,0.105,0.0,0.0,organic,2015.0,BaltimoreWashington
700,2015-07-19,2.896,0.867,0.362,0.0,0.0,organic,2015.0,BaltimoreWashington
701,2015-07-12,2.833,0.89,0.061,0.0,0.0,organic,2015.0,BaltimoreWashington
702,2015-07-05,2.827,1.248,0.182,0.0,0.0,organic,2015.0,BaltimoreWashington
703,2015-06-28,2.833,1.172,0.255,0.0,0.0,organic,2015.0,BaltimoreWashington
704,2015-06-21,2.827,1.094,0.212,0.001,0.0,organic,2015.0,BaltimoreWashington
705,2015-06-14,2.779,1.392,0.42,0.001,0.0,organic,2015.0,BaltimoreWashington
706,2015-06-07,2.839,1.381,0.408,0.001,0.0,organic,2015.0,BaltimoreWashington
707,2015-05-31,2.827,1.264,0.251,0.0,0.0,organic,2015.0,BaltimoreWashington
708,2015-05-24,2.827,1.704,0.553,0.0,0.0,organic,2015.0,BaltimoreWashington
709,2015-05-17,2.653,2.247,0.51,0.0,0.0,organic,2015.0,BaltimoreWashington
710,2015-05-10,2.833,1.45,0.441,0.001,0.0,organic,2015.0,BaltimoreWashington
711,2015-05-03,2.809,1.64,0.481,0.0,0.0,organic,2015.0,BaltimoreWashington
712,2015-04-26,2.833,1.347,0.32,0.0,0.0,organic,2015.0,BaltimoreWashington
713,2015-04-19,2.797,1.585,0.277,0.0,0.0,organic,2015.0,BaltimoreWashington
714,2015-04-12,2.809,1.6,0.382,0.001,0.0,organic,2015.0,BaltimoreWashington
715,2015-04-05,2.791,1.455,0.25,0.0,0.0,organic,2015.0,BaltimoreWashington
716,2015-03-29,2.791,1.585,0.388,0.0,0.0,organic,2015.0,BaltimoreWashington
717,2015-03-22,2.526,1.651,0.035,0.0,0.0,organic,2015.0,BaltimoreWashington
718,2015-03-15,2.766,1.159,0.092,0.0,0.0,organic,2015.0,BaltimoreWashington
719,2015-03-08,2.747,1.905,0.781,0.0,0.0,organic,2015.0,BaltimoreWashington
720,2015-03-01,2.76,1.592,0.366,0.003,0.0,organic,2015.0,BaltimoreWashington
721,2015-02-22,2.477,2.392,0.459,0.0,0.0,organic,2015.0,BaltimoreWashington
722,2015-02-15,2.747,1.634,0.607,0.0,0.0,organic,2015.0,BaltimoreWashington
723,2015-02-08,2.66,1.49,0.374,0.0,0.0,organic,2015.0,BaltimoreWashington
724,2015-02-01,2.442,2.793,0.461,0.0,0.0,organic,2015.0,BaltimoreWashington
725,2015-01-25,2.646,1.539,0.174,0.0,0.0,organic,2015.0,BaltimoreWashington
726,2015-01-18,2.646,1.406,0.046,0.006,0.0,organic,2015.0,BaltimoreWashington
727,2015-01-11,2.501,2.601,0.617,0.0,0.0,organic,2015.0,BaltimoreWashington
728,2015-01-04,2.557,1.914,0.388,0.0,0.0,organic,2015.0,BaltimoreWashington
729,2015-12-27,2.779,0.683,0.037,0.182,0.0,organic,2015.0,Detroit
730,2015-12-20,2.89,0.497,0.038,0.01,0.0,organic,2015.0,Detroit
731,2015-12-13,2.728,0.568,0.02,0.124,0.0,organic,2015.0,Detroit
732,2015-12-06,2.89,0.706,0.03,0.068,0.0,organic,2015.0,Detroit
733,2015-11-29,2.896,0.584,0.016,0.034,0.0,organic,2015.0,Detroit
734,2015-11-22,2.912,0.687,0.008,0.04,0.0,organic,2015.0,Detroit
735,2015-11-15,2.912,0.656,0.014,0.019,0.0,organic,2015.0,Detroit
736,2015-11-08,2.856,0.691,0.022,0.074,0.0,organic,2015.0,Detroit
737,2015-11-01,2.918,0.811,0.019,0.062,0.0,organic,2015.0,Detroit
738,2015-10-25,2.89,0.79,0.038,0.054,0.0,organic,2015.0,Detroit
739,2015-10-18,2.803,0.779,0.039,0.137,0.0,organic,2015.0,Detroit
740,2015-10-11,2.779,0.751,0.048,0.132,0.0,organic,2015.0,Detroit
741,2015-10-04,2.896,0.727,0.053,0.034,0.0,organic,2015.0,Detroit
742,2015-09-27,2.839,0.789,0.046,0.102,0.0,organic,2015.0,Detroit
743,2015-09-20,2.923,0.731,0.049,0.003,0.0,organic,2015.0,Detroit
744,2015-09-13,2.896,0.83,0.037,0.066,0.0,organic,2015.0,Detroit
745,2015-09-06,2.688,1.096,0.041,0.176,0.0,organic,2015.0,Detroit
746,2015-08-30,2.58,1.158,0.038,0.281,0.0,organic,2015.0,Detroit
747,2015-08-23,2.66,1.323,0.029,0.274,0.0,organic,2015.0,Detroit
748,2015-08-16,2.856,1.063,0.033,0.073,0.0,organic,2015.0,Detroit
749,2015-08-09,2.918,0.591,0.064,0.035,0.0,organic,2015.0,Detroit
750,2015-08-02,2.809,0.727,0.058,0.077,0.0,organic,2015.0,Detroit
751,2015-07-26,2.549,1.219,0.048,0.399,0.0,organic,2015.0,Detroit
752,2015-07-19,2.518,1.194,0.027,0.44,0.0,organic,2015.0,Detroit
753,2015-07-12,2.313,1.413,0.044,0.726,0.0,organic,2015.0,Detroit
754,2015-07-05,2.688,1.068,0.058,0.209,0.0,organic,2015.0,Detroit
755,2015-06-28,2.747,0.843,0.031,0.147,0.0,organic,2015.0,Detroit
756,2015-06-21,2.797,0.999,0.042,0.139,0.0,organic,2015.0,Detroit
757,2015-06-14,2.617,1.076,0.127,0.089,0.0,organic,2015.0,Detroit
758,2015-06-07,2.549,1.237,0.136,0.197,0.0,organic,2015.0,Detroit
759,2015-05-31,2.741,0.991,0.117,0.103,0.0,organic,2015.0,Detroit
760,2015-05-24,2.779,0.79,0.078,0.066,0.0,organic,2015.0,Detroit
761,2015-05-17,2.595,0.621,0.043,0.188,0.0,organic,2015.0,Detroit
762,2015-05-10,2.389,1.681,0.072,0.857,0.0,organic,2015.0,Detroit
763,2015-05-03,2.617,1.069,0.058,0.226,0.0,organic,2015.0,Detroit
764,2015-04-26,2.791,0.815,0.062,0.096,0.0,organic,2015.0,Detroit
765,2015-04-19,2.766,0.812,0.106,0.071,0.0,organic,2015.0,Detroit
766,2015-04-12,2.845,0.774,0.036,0.042,0.0,organic,2015.0,Detroit
767,2015-04-05,2.715,0.898,0.044,0.158,0.0,organic,2015.0,Detroit
768,2015-03-29,2.856,0.665,0.047,0.019,0.0,organic,2015.0,Detroit
769,2015-03-22,2.879,0.565,0.001,0.006,0.0,organic,2015.0,Detroit
770,2015-03-15,2.701,0.916,0.052,0.189,0.0,organic,2015.0,Detroit
771,2015-03-08,2.907,0.843,0.114,0.026,0.0,organic,2015.0,Detroit
772,2015-03-01,2.955,0.717,0.052,0.037,0.0,organic,2015.0,Detroit
773,2015-02-22,2.918,0.718,0.034,0.082,0.0,organic,2015.0,Detroit
774,2015-02-15,2.901,0.704,0.029,0.057,0.0,organic,2015.0,Detroit
775,2015-02-08,2.923,0.65,0.091,0.043,0.0,organic,2015.0,Detroit
776,2015-02-01,2.741,0.871,0.025,0.105,0.0,organic,2015.0,Detroit
777,2015-01-25,2.785,0.87,0.006,0.085,0.0,organic,2015.0,Detroit
778,2015-01-18,2.944,0.766,0.045,0.04,0.0,organic,2015.0,Detroit
779,2015-01-11,2.929,0.693,0.033,0.054,0.0,organic,2015.0,Detroit
780,2015-01-04,2.833,0.745,0.075,0.131,0.0,organic,2015.0,Detroit
781,2015-12-27,2.785,0.87,0.047,0.122,0.0,organic,2015.0,SanDiego
782,2015-12-20,2.51,1.173,0.059,0.499,0.0,organic,2015.0,SanDiego
783,2015-12-13,2.542,1.224,0.067,0.547,0.0,organic,2015.0,SanDiego
784,2015-12-06,2.907,0.556,0.054,0.0,0.0,organic,2015.0,SanDiego
785,2015-11-29,2.929,0.702,0.049,0.0,0.0,organic,2015.0,SanDiego
786,2015-11-22,2.918,0.744,0.04,0.001,0.0,organic,2015.0,SanDiego
787,2015-11-15,2.821,0.844,0.043,0.007,0.0,organic,2015.0,SanDiego
788,2015-11-08,2.901,0.89,0.05,0.017,0.0,organic,2015.0,SanDiego
789,2015-11-01,2.797,0.946,0.078,0.004,0.0,organic,2015.0,SanDiego
790,2015-10-25,2.803,0.916,0.056,0.001,0.0,organic,2015.0,SanDiego
791,2015-10-18,2.918,0.758,0.055,0.0,0.0,organic,2015.0,SanDiego
792,2015-10-11,2.901,0.747,0.049,0.0,0.0,organic,2015.0,SanDiego
793,2015-10-04,2.918,0.849,0.054,0.0,0.0,organic,2015.0,SanDiego
794,2015-09-27,2.833,0.89,0.042,0.0,0.0,organic,2015.0,SanDiego
795,2015-09-20,2.827,1.028,0.025,0.0,0.0,organic,2015.0,SanDiego
796,2015-09-13,2.896,1.036,0.06,0.0,0.0,organic,2015.0,SanDiego
797,2015-09-06,2.918,0.934,0.039,0.0,0.0,organic,2015.0,SanDiego
798,2015-08-30,2.934,0.909,0.042,0.0,0.0,organic,2015.0,SanDiego
799,2015-08-23,2.856,1.082,0.045,0.0,0.0,organic,2015.0,SanDiego
800,2015-08-16,2.901,0.906,0.075,0.0,0.0,organic,2015.0,SanDiego
801,2015-08-09,2.901,0.89,0.068,0.0,0.0,organic,2015.0,SanDiego
802,2015-08-02,2.923,1.024,0.059,0.0,0.0,organic,2015.0,SanDiego
803,2015-07-26,2.839,1.028,0.029,0.0,0.0,organic,2015.0,SanDiego
804,2015-07-19,2.918,0.916,0.035,0.0,0.0,organic,2015.0,SanDiego
805,2015-07-12,2.896,0.976,0.047,0.0,0.0,organic,2015.0,SanDiego
806,2015-07-05,2.741,1.635,0.054,0.0,0.0,organic,2015.0,SanDiego
807,2015-06-28,2.741,1.295,0.034,0.0,0.0,organic,2015.0,SanDiego
808,2015-06-21,2.747,1.106,0.049,0.0,0.0,organic,2015.0,SanDiego
809,2015-06-14,2.728,1.144,0.057,0.0,0.0,organic,2015.0,SanDiego
810,2015-06-07,2.715,1.037,0.089,0.0,0.0,organic,2015.0,SanDiego
811,2015-05-31,2.701,1.094,0.111,0.0,0.0,organic,2015.0,SanDiego
812,2015-05-24,2.715,1.204,0.062,0.0,0.0,organic,2015.0,SanDiego
813,2015-05-17,2.695,1.091,0.1,0.0,0.0,organic,2015.0,SanDiego
814,2015-05-10,2.674,1.048,0.137,0.0,0.0,organic,2015.0,SanDiego
815,2015-05-03,2.646,1.051,0.159,0.0,0.0,organic,2015.0,SanDiego
816,2015-04-26,2.695,1.07,0.131,0.0,0.0,organic,2015.0,SanDiego
817,2015-04-19,2.721,1.027,0.053,0.0,0.0,organic,2015.0,SanDiego
818,2015-04-12,2.701,1.067,0.055,0.0,0.0,organic,2015.0,SanDiego
819,2015-04-05,2.728,1.117,0.069,0.0,0.0,organic,2015.0,SanDiego
820,2015-03-29,2.728,0.896,0.06,0.0,0.0,organic,2015.0,SanDiego
821,2015-03-22,2.451,1.295,0.033,0.0,0.0,organic,2015.0,SanDiego
822,2015-03-15,2.701,0.835,0.034,0.0,0.0,organic,2015.0,SanDiego
823,2015-03-08,2.695,0.947,0.065,0.0,0.0,organic,2015.0,SanDiego
824,2015-03-01,2.389,2.041,0.09,0.0,0.0,organic,2015.0,SanDiego
825,2015-02-22,2.667,1.176,0.029,0.0,0.0,organic,2015.0,SanDiego
826,2015-02-15,2.701,1.278,0.069,0.0,0.0,organic,2015.0,SanDiego
827,2015-02-08,2.557,1.505,0.111,0.0,0.0,organic,2015.0,SanDiego
828,2015-02-01,2.407,1.862,0.126,0.0,0.0,organic,2015.0,SanDiego
829,2015-01-25,2.534,1.113,0.142,0.0,0.0,organic,2015.0,SanDiego
830,2015-01-18,2.557,1.447,0.159,0.0,0.0,organic,2015.0,SanDiego
831,2015-01-11,2.351,2.009,0.103,0.0,0.0,organic,2015.0,SanDiego
832,2015-01-04,2.51,1.909,0.083,0.0,0.0,organic,2015.0,SanDiego
833,2015-12-27,2.934,1.408,0.025,0.0,0.0,organic,2015.0,SanFrancisco
834,2015-12-20,2.929,1.37,0.014,0.0,0.0,organic,2015.0,SanFrancisco
835,2015-12-13,2.965,1.371,0.018,0.0,0.0,organic,2015.0,SanFrancisco
836,2015-12-06,2.955,1.514,0.013,0.0,0.0,organic,2015.0,SanFrancisco
837,2015-11-29,3.25,1.322,0.0,0.003,0.0,organic,2015.0,SanFrancisco
838,2015-11-22,3.016,1.436,0.004,0.003,0.0,organic,2015.0,SanFrancisco
839,2015-11-15,3.006,1.708,0.002,0.0,0.0,organic,2015.0,SanFrancisco
840,2015-11-08,2.986,1.789,0.005,0.001,0.0,organic,2015.0,SanFrancisco
841,2015-11-01,3.001,1.758,0.003,0.0,0.0,organic,2015.0,SanFrancisco
842,2015-10-25,2.965,1.931,0.002,0.0,0.0,organic,2015.0,SanFrancisco
843,2015-10-18,3.329,1.264,0.0,0.0,0.0,organic,2015.0,SanFrancisco
844,2015-10-11,3.281,1.403,0.0,0.0,0.0,organic,2015.0,SanFrancisco
845,2015-10-04,3.254,1.535,0.001,0.0,0.0,organic,2015.0,SanFrancisco
846,2015-09-27,3.311,1.18,0.005,0.0,0.0,organic,2015.0,SanFrancisco
847,2015-09-20,3.329,1.52,0.002,0.0,0.0,organic,2015.0,SanFrancisco
848,2015-09-13,3.307,1.48,0.0,0.0,0.0,organic,2015.0,SanFrancisco
849,2015-09-06,3.307,1.551,0.001,0.0,0.0,organic,2015.0,SanFrancisco
850,2015-08-30,3.321,1.52,0.002,0.0,0.0,organic,2015.0,SanFrancisco
851,2015-08-23,3.3,1.511,0.005,0.0,0.0,organic,2015.0,SanFrancisco
852,2015-08-16,3.307,1.529,0.002,0.0,0.0,organic,2015.0,SanFrancisco
853,2015-08-09,3.303,1.556,0.003,0.0,0.0,organic,2015.0,SanFrancisco
854,2015-08-02,3.318,1.394,0.003,0.0,0.0,organic,2015.0,SanFrancisco
855,2015-07-26,3.314,1.595,0.001,0.0,0.0,organic,2015.0,SanFrancisco
856,2015-07-19,3.161,1.956,0.0,0.0,0.0,organic,2015.0,SanFrancisco
857,2015-07-12,3.04,2.314,0.002,0.0,0.0,organic,2015.0,SanFrancisco
858,2015-07-05,2.976,2.331,0.002,0.0,0.0,organic,2015.0,SanFrancisco
859,2015-06-28,2.976,1.987,0.001,0.0,0.0,organic,2015.0,SanFrancisco
860,2015-06-21,2.97,2.35,0.002,0.0,0.0,organic,2015.0,SanFrancisco
861,2015-06-14,2.97,2.397,0.0,0.0,0.0,organic,2015.0,SanFrancisco
862,2015-06-07,2.976,2.289,0.002,0.0,0.0,organic,2015.0,SanFrancisco
863,2015-05-31,2.734,2.458,0.001,0.0,0.0,organic,2015.0,SanFrancisco
864,2015-05-24,2.721,2.932,0.002,0.0,0.0,organic,2015.0,SanFrancisco
865,2015-05-17,2.728,3.127,0.001,0.0,0.0,organic,2015.0,SanFrancisco
866,2015-05-10,2.695,3.368,0.005,0.0,0.0,organic,2015.0,SanFrancisco
867,2015-05-03,2.741,2.925,0.004,0.0,0.0,organic,2015.0,SanFrancisco
868,2015-04-26,2.721,3.195,0.004,0.0,0.0,organic,2015.0,SanFrancisco
869,2015-04-19,2.741,2.898,0.004,0.0,0.0,organic,2015.0,SanFrancisco
870,2015-04-12,2.734,2.822,0.0,0.0,0.0,organic,2015.0,SanFrancisco
871,2015-04-05,2.741,2.653,0.0,0.0,0.0,organic,2015.0,SanFrancisco
872,2015-03-29,2.741,2.809,0.001,0.0,0.0,organic,2015.0,SanFrancisco
873,2015-03-22,2.595,2.137,0.0,0.0,0.0,organic,2015.0,SanFrancisco
874,2015-03-15,2.747,2.139,0.002,0.0,0.0,organic,2015.0,SanFrancisco
875,2015-03-08,2.747,2.011,0.002,0.0,0.0,organic,2015.0,SanFrancisco
876,2015-03-01,2.389,4.982,0.002,0.0,0.0,organic,2015.0,SanFrancisco
877,2015-02-22,2.632,3.722,0.001,0.0,0.0,organic,2015.0,SanFrancisco
878,2015-02-15,2.741,2.499,0.018,0.0,0.0,organic,2015.0,SanFrancisco
879,2015-02-08,2.603,2.756,0.06,0.0,0.0,organic,2015.0,SanFrancisco
880,2015-02-01,2.361,5.78,0.023,0.0,0.0,organic,2015.0,SanFrancisco
881,2015-01-25,2.595,2.715,0.023,0.0,0.0,organic,2015.0,SanFrancisco
882,2015-01-18,2.542,4.148,0.036,0.0,0.0,organic,2015.0,SanFrancisco
883,2015-01-11,2.416,2.968,0.018,0.0,0.0,organic,2015.0,SanFrancisco
884,2015-01-04,2.468,2.263,0.043,0.0,0.0,organic,2015.0,SanFrancisco
885,2016-12-25,2.907,1.706,1.082,0.0,0.0,organic,2016.0,BaltimoreWashington
886,2016-12-18,2.923,1.403,0.771,0.004,0.0,organic,2016.0,BaltimoreWashington
887,2016-12-11,2.981,1.625,0.882,0.001,0.0,organic,2016.0,BaltimoreWashington
888,2016-12-04,3.068,1.399,0.668,0.0,0.0,organic,2016.0,BaltimoreWashington
889,2016-11-27,3.077,1.268,0.52,0.001,0.0,organic,2016.0,BaltimoreWashington
890,2016-11-20,3.011,1.315,0.54,0.002,0.0,organic,2016.0,BaltimoreWashington
891,2016-11-13,3.091,1.164,0.421,0.001,0.0,organic,2016.0,BaltimoreWashington
892,2016-11-06,3.127,1.454,0.563,0.002,0.0,organic,2016.0,BaltimoreWashington
893,2016-10-30,2.918,1.715,0.342,0.001,0.0,organic,2016.0,BaltimoreWashington
894,2016-10-23,2.896,1.743,0.341,0.002,0.0,organic,2016.0,BaltimoreWashington
895,2016-10-16,2.97,1.684,0.623,0.002,0.0,organic,2016.0,BaltimoreWashington
896,2016-10-09,2.929,1.861,0.7,0.003,0.0,organic,2016.0,BaltimoreWashington
897,2016-10-02,3.068,1.829,0.765,0.003,0.0,organic,2016.0,BaltimoreWashington
898,2016-09-25,3.025,2.153,0.989,0.001,0.0,organic,2016.0,BaltimoreWashington
899,2016-09-18,3.025,2.274,1.405,0.002,0.0,organic,2016.0,BaltimoreWashington
900,2016-09-11,3.063,2.04,1.272,0.0,0.0,organic,2016.0,BaltimoreWashington
901,2016-09-04,3.011,1.92,0.903,0.0,0.0,organic,2016.0,BaltimoreWashington
902,2016-08-28,3.02,1.407,0.353,0.002,0.0,organic,2016.0,BaltimoreWashington
903,2016-08-21,2.874,2.053,0.895,0.0,0.0,organic,2016.0,BaltimoreWashington
904,2016-08-14,2.868,1.689,0.344,0.002,0.0,organic,2016.0,BaltimoreWashington
905,2016-08-07,2.929,1.807,0.638,0.001,0.0,organic,2016.0,BaltimoreWashington
906,2016-07-31,3.006,1.479,0.33,0.0,0.0,organic,2016.0,BaltimoreWashington
907,2016-07-24,3.035,1.727,0.675,0.023,0.0,organic,2016.0,BaltimoreWashington
908,2016-07-17,2.986,2.163,0.86,0.251,0.0,organic,2016.0,BaltimoreWashington
909,2016-07-10,2.976,1.721,0.632,0.059,0.0,organic,2016.0,BaltimoreWashington
910,2016-07-03,2.991,1.723,0.572,0.117,0.0,organic,2016.0,BaltimoreWashington
911,2016-06-26,2.939,2.025,0.78,0.121,0.0,organic,2016.0,BaltimoreWashington
912,2016-06-19,2.862,1.691,0.462,0.083,0.0,organic,2016.0,BaltimoreWashington
913,2016-06-12,2.851,1.88,0.665,0.097,0.0,organic,2016.0,BaltimoreWashington
914,2016-06-05,2.862,2.292,1.122,0.077,0.0,organic,2016.0,BaltimoreWashington
915,2016-05-29,2.833,2.344,0.942,0.227,0.0,organic,2016.0,BaltimoreWashington
916,2016-05-22,2.929,2.205,1.124,0.033,0.0,organic,2016.0,BaltimoreWashington
917,2016-05-15,2.833,1.694,0.643,0.092,0.0,organic,2016.0,BaltimoreWashington
918,2016-05-08,2.721,2.13,0.675,0.134,0.0,organic,2016.0,BaltimoreWashington
919,2016-05-01,2.874,2.42,1.229,0.035,0.0,organic,2016.0,BaltimoreWashington
920,2016-04-24,2.803,2.734,1.305,0.101,0.0,organic,2016.0,BaltimoreWashington
921,2016-04-17,2.701,2.237,0.762,0.05,0.0,organic,2016.0,BaltimoreWashington
922,2016-04-10,2.851,2.201,0.977,0.174,0.0,organic,2016.0,BaltimoreWashington
923,2016-04-03,2.839,2.227,1.079,0.065,0.0,organic,2016.0,BaltimoreWashington
924,2016-03-27,2.803,1.702,0.702,0.11,0.0,organic,2016.0,BaltimoreWashington
925,2016-03-20,2.779,1.633,0.617,0.138,0.0,organic,2016.0,BaltimoreWashington
926,2016-03-13,2.734,1.907,0.501,0.394,0.0,organic,2016.0,BaltimoreWashington
927,2016-03-06,2.646,2.161,0.202,0.826,0.0,organic,2016.0,BaltimoreWashington
928,2016-02-28,2.785,1.456,0.119,0.43,0.0,organic,2016.0,BaltimoreWashington
929,2016-02-21,2.734,1.8,0.198,0.462,0.0,organic,2016.0,BaltimoreWashington
930,2016-02-14,2.901,1.493,0.37,0.239,0.0,organic,2016.0,BaltimoreWashington
931,2016-02-07,2.809,1.72,0.203,0.636,0.0,organic,2016.0,BaltimoreWashington
932,2016-01-31,2.688,1.903,0.079,0.999,0.0,organic,2016.0,BaltimoreWashington
933,2016-01-24,2.76,1.829,0.247,0.924,0.0,organic,2016.0,BaltimoreWashington
934,2016-01-17,2.766,1.437,0.091,0.522,0.0,organic,2016.0,BaltimoreWashington
935,2016-01-10,2.617,2.052,0.092,1.173,0.0,organic,2016.0,BaltimoreWashington
936,2016-01-03,2.747,1.611,0.121,0.722,0.0,organic,2016.0,BaltimoreWashington
937,2016-12-25,2.681,0.954,0.063,0.052,0.0,organic,2016.0,Detroit
938,2016-12-18,2.708,0.835,0.061,0.117,0.0,organic,2016.0,Detroit
939,2016-12-11,2.186,1.647,0.101,1.061,0.0,organic,2016.0,Detroit
940,2016-12-04,2.61,1.225,0.631,0.052,0.0,organic,2016.0,Detroit
941,2016-11-27,2.557,1.012,0.288,0.271,0.0,organic,2016.0,Detroit
942,2016-11-20,2.351,1.525,0.069,0.908,0.0,organic,2016.0,Detroit
943,2016-11-13,2.38,2.224,0.105,1.337,0.0,organic,2016.0,Detroit
944,2016-11-06,2.067,3.458,0.116,2.513,0.0,organic,2016.0,Detroit
945,2016-10-30,2.874,1.379,0.083,0.217,0.0,organic,2016.0,Detroit
946,2016-10-23,2.361,2.361,0.048,1.396,0.0,organic,2016.0,Detroit
947,2016-10-16,2.175,2.403,0.059,1.586,0.0,organic,2016.0,Detroit
948,2016-10-09,2.208,2.705,0.102,1.685,0.0,organic,2016.0,Detroit
949,2016-10-02,2.856,1.048,0.075,0.096,0.0,organic,2016.0,Detroit
950,2016-09-25,2.38,2.156,0.052,1.342,0.0,organic,2016.0,Detroit
951,2016-09-18,2.617,1.3,0.114,0.438,0.0,organic,2016.0,Detroit
952,2016-09-11,2.23,2.393,0.13,1.354,0.0,organic,2016.0,Detroit
953,2016-09-04,2.332,2.078,0.075,1.139,0.0,organic,2016.0,Detroit
954,2016-08-28,2.434,1.836,0.085,0.904,0.0,organic,2016.0,Detroit
955,2016-08-21,2.639,1.366,0.08,0.456,0.0,organic,2016.0,Detroit
956,2016-08-14,2.674,1.519,0.083,0.466,0.0,organic,2016.0,Detroit
957,2016-08-07,2.588,1.884,0.077,0.833,0.0,organic,2016.0,Detroit
958,2016-07-31,2.603,1.787,0.097,0.748,0.0,organic,2016.0,Detroit
959,2016-07-24,2.734,1.629,0.069,0.521,0.0,organic,2016.0,Detroit
960,2016-07-17,2.434,2.207,0.109,1.139,0.0,organic,2016.0,Detroit
961,2016-07-10,2.282,2.452,0.089,1.426,0.0,organic,2016.0,Detroit
962,2016-07-03,2.351,2.135,0.086,1.038,0.0,organic,2016.0,Detroit
963,2016-06-26,2.534,1.831,0.1,0.771,0.0,organic,2016.0,Detroit
964,2016-06-19,2.332,2.443,0.088,1.355,0.0,organic,2016.0,Detroit
965,2016-06-12,2.526,1.925,0.102,0.893,0.0,organic,2016.0,Detroit
966,2016-06-05,1.988,3.869,0.095,2.735,0.0,organic,2016.0,Detroit
967,2016-05-29,2.646,1.941,0.062,0.626,0.0,organic,2016.0,Detroit
968,2016-05-22,2.175,2.493,0.07,1.557,0.0,organic,2016.0,Detroit
969,2016-05-15,2.588,1.401,0.085,0.563,0.0,organic,2016.0,Detroit
970,2016-05-08,2.549,1.611,0.145,0.63,0.0,organic,2016.0,Detroit
971,2016-05-01,2.741,1.344,0.093,0.428,0.0,organic,2016.0,Detroit
972,2016-04-24,2.416,2.264,0.28,0.909,0.0,organic,2016.0,Detroit
973,2016-04-17,2.477,1.836,0.164,0.65,0.0,organic,2016.0,Detroit
974,2016-04-10,2.653,0.911,0.074,0.071,0.0,organic,2016.0,Detroit
975,2016-04-03,2.542,1.099,0.076,0.294,0.0,organic,2016.0,Detroit
976,2016-03-27,2.573,1.471,0.087,0.584,0.0,organic,2016.0,Detroit
977,2016-03-20,2.251,1.951,0.072,1.104,0.0,organic,2016.0,Detroit
978,2016-03-13,2.534,1.208,0.073,0.433,0.0,organic,2016.0,Detroit
979,2016-03-06,2.674,0.896,0.037,0.127,0.0,organic,2016.0,Detroit
980,2016-02-28,2.674,1.1,0.029,0.143,0.0,organic,2016.0,Detroit
981,2016-02-21,2.573,1.064,0.039,0.262,0.0,organic,2016.0,Detroit
982,2016-02-14,2.573,1.092,0.035,0.272,0.0,organic,2016.0,Detroit
983,2016-02-07,2.588,1.047,0.041,0.248,0.0,organic,2016.0,Detroit
984,2016-01-31,2.681,1.03,0.047,0.264,0.0,organic,2016.0,Detroit
985,2016-01-24,2.518,1.305,0.074,0.555,0.0,organic,2016.0,Detroit
986,2016-01-17,2.851,1.093,0.046,0.12,0.0,organic,2016.0,Detroit
987,2016-01-10,2.695,1.31,0.062,0.136,0.0,organic,2016.0,Detroit
988,2016-01-03,2.754,0.803,0.02,0.099,0.0,organic,2016.0,Detroit
989,2016-12-25,2.66,1.202,0.054,0.323,0.0,organic,2016.0,SanDiego
990,2016-12-18,2.791,1.221,0.04,0.158,0.0,organic,2016.0,SanDiego
991,2016-12-11,2.701,1.451,0.053,0.299,0.0,organic,2016.0,SanDiego
992,2016-12-04,3.025,0.942,0.054,0.087,0.0,organic,2016.0,SanDiego
993,2016-11-27,3.054,1.027,0.038,0.18,0.0,organic,2016.0,SanDiego
994,2016-11-20,3.1,0.854,0.072,0.096,0.0,organic,2016.0,SanDiego
995,2016-11-13,3.045,1.026,0.083,0.206,0.0,organic,2016.0,SanDiego
996,2016-11-06,3.223,1.13,0.05,0.193,0.0,organic,2016.0,SanDiego
997,2016-10-30,3.311,0.893,0.055,0.0,0.0,organic,2016.0,SanDiego
998,2016-10-23,3.307,0.853,0.089,0.0,0.0,organic,2016.0,SanDiego
999,2016-10-16,3.127,1.126,0.118,0.0,0.0,organic,2016.0,SanDiego
1000,2016-10-09,3.1,1.05,0.167,0.0,0.0,organic,2016.0,SanDiego
1001,2016-10-02,2.991,1.222,0.366,0.0,0.0,organic,2016.0,SanDiego
1002,2016-09-25,3.157,0.983,0.074,0.0,0.0,organic,2016.0,SanDiego
1003,2016-09-18,3.068,1.027,0.076,0.003,0.0,organic,2016.0,SanDiego
1004,2016-09-11,2.766,1.842,0.195,0.091,0.0,organic,2016.0,SanDiego
1005,2016-09-04,2.885,1.573,0.422,0.09,0.0,organic,2016.0,SanDiego
1006,2016-08-28,2.939,1.436,0.328,0.021,0.0,organic,2016.0,SanDiego
1007,2016-08-21,2.955,1.224,0.176,0.024,0.0,organic,2016.0,SanDiego
1008,2016-08-14,2.95,1.558,0.051,0.283,0.0,organic,2016.0,SanDiego
1009,2016-08-07,2.695,2.014,0.052,0.974,0.0,organic,2016.0,SanDiego
1010,2016-07-31,2.981,1.328,0.066,0.162,0.0,organic,2016.0,SanDiego
1011,2016-07-24,2.827,1.719,0.22,0.327,0.0,organic,2016.0,SanDiego
1012,2016-07-17,2.95,1.486,0.298,0.0,0.0,organic,2016.0,SanDiego
1013,2016-07-10,2.66,2.1,0.993,0.0,0.0,organic,2016.0,SanDiego
1014,2016-07-03,2.701,2.151,0.763,0.0,0.0,organic,2016.0,SanDiego
1015,2016-06-26,2.721,2.021,0.569,0.002,0.0,organic,2016.0,SanDiego
1016,2016-06-19,2.681,2.084,0.77,0.001,0.0,organic,2016.0,SanDiego
1017,2016-06-12,2.674,1.89,0.427,0.0,0.0,organic,2016.0,SanDiego
1018,2016-06-05,2.721,1.743,0.502,0.018,0.0,organic,2016.0,SanDiego
1019,2016-05-29,2.667,1.884,0.66,0.009,0.0,organic,2016.0,SanDiego
1020,2016-05-22,2.442,2.136,0.877,0.0,0.0,organic,2016.0,SanDiego
1021,2016-05-15,2.728,1.639,0.467,0.0,0.0,organic,2016.0,SanDiego
1022,2016-05-08,2.617,2.275,0.979,0.005,0.0,organic,2016.0,SanDiego
1023,2016-05-01,2.617,1.721,0.687,0.011,0.0,organic,2016.0,SanDiego
1024,2016-04-24,2.501,1.936,0.854,0.001,0.0,organic,2016.0,SanDiego
1025,2016-04-17,2.557,1.616,0.629,0.004,0.0,organic,2016.0,SanDiego
1026,2016-04-10,2.51,1.999,0.686,0.173,0.0,organic,2016.0,SanDiego
1027,2016-04-03,2.526,2.163,0.364,0.332,0.0,organic,2016.0,SanDiego
1028,2016-03-27,2.603,1.69,0.129,0.444,0.0,organic,2016.0,SanDiego
1029,2016-03-20,2.639,1.493,0.229,0.222,0.0,organic,2016.0,SanDiego
1030,2016-03-13,2.625,2.084,0.161,0.45,0.0,organic,2016.0,SanDiego
1031,2016-03-06,2.493,1.815,0.777,0.004,0.0,organic,2016.0,SanDiego
1032,2016-02-28,2.416,2.469,1.288,0.007,0.0,organic,2016.0,SanDiego
1033,2016-02-21,2.526,1.69,0.647,0.071,0.0,organic,2016.0,SanDiego
1034,2016-02-14,2.653,1.411,0.067,0.328,0.0,organic,2016.0,SanDiego
1035,2016-02-07,2.58,1.342,0.031,0.505,0.0,organic,2016.0,SanDiego
1036,2016-01-31,2.639,1.169,0.044,0.298,0.0,organic,2016.0,SanDiego
1037,2016-01-24,2.573,1.532,0.076,0.489,0.0,organic,2016.0,SanDiego
1038,2016-01-17,2.681,1.212,0.071,0.365,0.0,organic,2016.0,SanDiego
1039,2016-01-10,2.58,1.244,0.052,0.524,0.0,organic,2016.0,SanDiego
1040,2016-01-03,2.646,1.098,0.061,0.245,0.0,organic,2016.0,SanDiego
1041,2016-12-25,3.243,1.617,0.223,0.0,0.0,organic,2016.0,SanFrancisco
1042,2016-12-18,3.246,1.454,0.231,0.0,0.0,organic,2016.0,SanFrancisco
1043,2016-12-11,3.285,1.632,0.303,0.0,0.0,organic,2016.0,SanFrancisco
1044,2016-12-04,3.285,1.793,0.322,0.001,0.0,organic,2016.0,SanFrancisco
1045,2016-11-27,3.36,1.786,0.229,0.008,0.0,organic,2016.0,SanFrancisco
1046,2016-11-20,3.381,1.744,0.362,0.007,0.0,organic,2016.0,SanFrancisco
1047,2016-11-13,3.398,1.893,0.334,0.005,0.0,organic,2016.0,SanFrancisco
1048,2016-11-06,3.44,1.904,0.308,0.003,0.0,organic,2016.0,SanFrancisco
1049,2016-10-30,3.481,1.67,0.323,0.0,0.0,organic,2016.0,SanFrancisco
1050,2016-10-23,3.378,1.125,0.282,0.0,0.0,organic,2016.0,SanFrancisco
1051,2016-10-16,3.153,0.905,0.304,0.0,0.0,organic,2016.0,SanFrancisco
1052,2016-10-09,3.303,2.076,0.272,0.003,0.0,organic,2016.0,SanFrancisco
1053,2016-10-02,3.273,2.25,0.289,0.004,0.0,organic,2016.0,SanFrancisco
1054,2016-09-25,3.157,2.128,0.317,0.002,0.0,organic,2016.0,SanFrancisco
1055,2016-09-18,3.174,2.351,0.217,0.005,0.0,organic,2016.0,SanFrancisco
1056,2016-09-11,3.165,2.447,0.295,0.003,0.0,organic,2016.0,SanFrancisco
1057,2016-09-04,3.17,2.449,0.277,0.005,0.0,organic,2016.0,SanFrancisco
1058,2016-08-28,3.17,2.414,0.27,0.002,0.0,organic,2016.0,SanFrancisco
1059,2016-08-21,3.165,2.026,0.23,0.004,0.0,organic,2016.0,SanFrancisco
1060,2016-08-14,3.006,2.552,0.221,0.004,0.0,organic,2016.0,SanFrancisco
1061,2016-08-07,3.148,2.461,0.286,0.003,0.0,organic,2016.0,SanFrancisco
1062,2016-07-31,3.131,2.36,0.188,0.001,0.0,organic,2016.0,SanFrancisco
1063,2016-07-24,3.165,2.208,0.171,0.0,0.0,organic,2016.0,SanFrancisco
1064,2016-07-17,3.135,2.628,0.261,0.001,0.0,organic,2016.0,SanFrancisco
1065,2016-07-10,3.144,2.906,0.215,0.001,0.0,organic,2016.0,SanFrancisco
1066,2016-07-03,3.14,2.907,0.188,0.001,0.0,organic,2016.0,SanFrancisco
1067,2016-06-26,3.096,2.954,0.2,0.0,0.0,organic,2016.0,SanFrancisco
1068,2016-06-19,3.14,2.699,0.166,0.0,0.0,organic,2016.0,SanFrancisco
1069,2016-06-12,3.114,2.735,0.212,0.0,0.0,organic,2016.0,SanFrancisco
1070,2016-06-05,3.135,2.685,0.218,0.001,0.0,organic,2016.0,SanFrancisco
1071,2016-05-29,3.153,2.871,0.219,0.0,0.0,organic,2016.0,SanFrancisco
1072,2016-05-22,3.153,3.029,0.172,0.001,0.0,organic,2016.0,SanFrancisco
1073,2016-05-15,3.122,3.131,0.171,0.001,0.0,organic,2016.0,SanFrancisco
1074,2016-05-08,2.58,5.199,0.209,0.0,0.0,organic,2016.0,SanFrancisco
1075,2016-05-01,2.588,4.704,0.176,0.0,0.0,organic,2016.0,SanFrancisco
1076,2016-04-24,3.096,2.969,0.209,0.0,0.0,organic,2016.0,SanFrancisco
1077,2016-04-17,3.148,2.549,0.162,0.0,0.0,organic,2016.0,SanFrancisco
1078,2016-04-10,3.148,2.514,0.18,0.0,0.0,organic,2016.0,SanFrancisco
1079,2016-04-03,3.135,2.406,0.157,0.0,0.0,organic,2016.0,SanFrancisco
1080,2016-03-27,3.105,2.559,0.198,0.0,0.0,organic,2016.0,SanFrancisco
1081,2016-03-20,3.148,2.471,0.171,0.0,0.0,organic,2016.0,SanFrancisco
1082,2016-03-13,3.122,2.523,0.174,0.0,0.0,organic,2016.0,SanFrancisco
1083,2016-03-06,3.14,2.487,0.076,0.0,0.0,organic,2016.0,SanFrancisco
1084,2016-02-28,3.131,2.418,0.003,0.0,0.0,organic,2016.0,SanFrancisco
1085,2016-02-21,3.17,2.126,0.005,0.001,0.0,organic,2016.0,SanFrancisco
1086,2016-02-14,3.165,2.128,0.003,0.0,0.0,organic,2016.0,SanFrancisco
1087,2016-02-07,2.96,2.609,0.006,0.0,0.0,organic,2016.0,SanFrancisco
1088,2016-01-31,3.135,2.363,0.009,0.004,0.0,organic,2016.0,SanFrancisco
1089,2016-01-24,2.939,2.429,0.013,0.011,0.0,organic,2016.0,SanFrancisco
1090,2016-01-17,2.97,1.898,0.011,0.002,0.0,organic,2016.0,SanFrancisco
1091,2016-01-10,2.96,1.757,0.023,0.008,0.0,organic,2016.0,SanFrancisco
1092,2016-01-03,2.96,1.889,0.038,0.011,0.0,organic,2016.0,SanFrancisco
1093,2017-12-31,2.728,4.094,3.168,0.0,0.0,organic,2017.0,BaltimoreWashington
1094,2017-12-24,2.747,3.554,2.864,0.001,0.0,organic,2017.0,BaltimoreWashington
1095,2017-12-17,2.76,3.458,2.622,0.0,0.0,organic,2017.0,BaltimoreWashington
1096,2017-12-10,2.715,4.145,3.244,0.003,0.0,organic,2017.0,BaltimoreWashington
1097,2017-12-03,2.76,3.875,2.938,0.001,0.0,organic,2017.0,BaltimoreWashington
1098,2017-11-26,2.827,3.169,2.389,0.001,0.0,organic,2017.0,BaltimoreWashington
1099,2017-11-19,2.89,2.894,2.084,0.001,0.0,organic,2017.0,BaltimoreWashington
1100,2017-11-12,2.896,3.364,2.556,0.001,0.0,organic,2017.0,BaltimoreWashington
1101,2017-11-05,2.912,3.588,2.661,0.0,0.0,organic,2017.0,BaltimoreWashington
1102,2017-10-29,2.896,3.716,2.693,0.001,0.0,organic,2017.0,BaltimoreWashington
1103,2017-10-22,2.797,4.749,3.634,0.0,0.0,organic,2017.0,BaltimoreWashington
1104,2017-10-15,2.773,5.656,4.673,0.0,0.0,organic,2017.0,BaltimoreWashington
1105,2017-10-08,2.708,6.723,5.749,0.0,0.0,organic,2017.0,BaltimoreWashington
1106,2017-10-01,2.785,4.897,4.02,0.001,0.0,organic,2017.0,BaltimoreWashington
1107,2017-09-24,2.728,6.246,5.345,0.0,0.0,organic,2017.0,BaltimoreWashington
1108,2017-09-17,2.734,5.945,4.934,0.0,0.0,organic,2017.0,BaltimoreWashington
1109,2017-09-10,2.766,6.328,5.216,0.0,0.0,organic,2017.0,BaltimoreWashington
1110,2017-09-03,2.821,5.874,4.572,0.0,0.0,organic,2017.0,BaltimoreWashington
1111,2017-08-27,2.901,4.152,2.868,0.0,0.0,organic,2017.0,BaltimoreWashington
1112,2017-08-20,2.862,3.913,2.982,0.0,0.0,organic,2017.0,BaltimoreWashington
1113,2017-08-13,2.809,4.054,3.253,0.0,0.0,organic,2017.0,BaltimoreWashington
1114,2017-08-06,2.803,4.17,2.942,0.001,0.0,organic,2017.0,BaltimoreWashington
1115,2017-07-30,2.773,4.185,3.224,0.0,0.0,organic,2017.0,BaltimoreWashington
1116,2017-07-23,2.715,5.032,4.059,0.001,0.0,organic,2017.0,BaltimoreWashington
1117,2017-07-16,2.754,3.798,3.213,0.0,0.0,organic,2017.0,BaltimoreWashington
1118,2017-07-09,3.118,1.867,0.969,0.0,0.0,organic,2017.0,BaltimoreWashington
1119,2017-07-02,3.091,2.369,0.986,0.0,0.0,organic,2017.0,BaltimoreWashington
1120,2017-06-25,3.096,2.245,1.046,0.001,0.0,organic,2017.0,BaltimoreWashington
1121,2017-06-18,3.091,2.285,0.996,0.0,0.0,organic,2017.0,BaltimoreWashington
1122,2017-06-11,3.077,2.361,1.053,0.0,0.0,organic,2017.0,BaltimoreWashington
1123,2017-06-04,3.068,2.635,1.117,0.0,0.0,organic,2017.0,BaltimoreWashington
1124,2017-05-28,3.082,2.473,1.05,0.001,0.0,organic,2017.0,BaltimoreWashington
1125,2017-05-21,3.091,2.321,1.099,0.0,0.0,organic,2017.0,BaltimoreWashington
1126,2017-05-14,3.049,2.518,1.117,0.001,0.0,organic,2017.0,BaltimoreWashington
1127,2017-05-07,3.059,2.175,1.056,0.002,0.0,organic,2017.0,BaltimoreWashington
1128,2017-04-30,3.068,2.57,1.21,0.001,0.0,organic,2017.0,BaltimoreWashington
1129,2017-04-23,3.063,2.414,1.166,0.0,0.0,organic,2017.0,BaltimoreWashington
1130,2017-04-16,2.976,2.445,1.093,0.003,0.0,organic,2017.0,BaltimoreWashington
1131,2017-04-09,2.939,1.911,0.76,0.001,0.0,organic,2017.0,BaltimoreWashington
1132,2017-04-02,2.981,2.319,0.977,0.001,0.0,organic,2017.0,BaltimoreWashington
1133,2017-03-26,2.981,2.077,0.942,0.002,0.0,organic,2017.0,BaltimoreWashington
1134,2017-03-19,3.025,1.854,0.994,0.002,0.0,organic,2017.0,BaltimoreWashington
1135,2017-03-12,3.054,1.742,0.9,0.002,0.0,organic,2017.0,BaltimoreWashington
1136,2017-03-05,2.981,1.808,0.856,0.001,0.0,organic,2017.0,BaltimoreWashington
1137,2017-02-26,2.96,1.677,0.79,0.001,0.0,organic,2017.0,BaltimoreWashington
1138,2017-02-19,2.896,2.162,0.907,0.008,0.0,organic,2017.0,BaltimoreWashington
1139,2017-02-12,2.918,1.86,0.971,0.01,0.0,organic,2017.0,BaltimoreWashington
1140,2017-02-05,2.918,1.797,0.978,0.001,0.0,organic,2017.0,BaltimoreWashington
1141,2017-01-29,2.918,1.729,0.809,0.0,0.0,organic,2017.0,BaltimoreWashington
1142,2017-01-22,2.918,1.849,0.883,0.003,0.0,organic,2017.0,BaltimoreWashington
1143,2017-01-15,2.901,2.076,1.065,0.001,0.0,organic,2017.0,BaltimoreWashington
1144,2017-01-08,2.918,1.799,0.853,0.001,0.0,organic,2017.0,BaltimoreWashington
1145,2017-01-01,2.955,1.39,0.586,0.0,0.0,organic,2017.0,BaltimoreWashington
1146,2017-12-31,2.351,3.278,2.8,0.226,0.0,organic,2017.0,Detroit
1147,2017-12-24,2.617,1.829,1.281,0.251,0.0,organic,2017.0,Detroit
1148,2017-12-17,2.646,1.707,1.095,0.304,0.0,organic,2017.0,Detroit
1149,2017-12-10,2.632,1.371,0.956,0.098,0.0,organic,2017.0,Detroit
1150,2017-12-03,2.632,1.21,0.894,0.01,0.0,organic,2017.0,Detroit
1151,2017-11-26,2.66,1.634,1.144,0.161,0.0,organic,2017.0,Detroit
1152,2017-11-19,2.617,1.607,1.198,0.044,0.0,organic,2017.0,Detroit
1153,2017-11-12,2.653,1.785,1.381,0.034,0.0,organic,2017.0,Detroit
1154,2017-11-05,2.76,1.735,1.366,0.051,0.0,organic,2017.0,Detroit
1155,2017-10-29,2.803,2.1,1.509,0.273,0.0,organic,2017.0,Detroit
1156,2017-10-22,2.779,2.151,1.46,0.28,0.0,organic,2017.0,Detroit
1157,2017-10-15,2.827,2.078,1.454,0.197,0.0,organic,2017.0,Detroit
1158,2017-10-08,2.901,1.855,1.401,0.005,0.0,organic,2017.0,Detroit
1159,2017-10-01,2.862,2.175,1.556,0.198,0.0,organic,2017.0,Detroit
1160,2017-09-24,3.035,2.448,1.122,0.903,0.0,organic,2017.0,Detroit
1161,2017-09-17,2.918,1.746,1.109,0.241,0.0,organic,2017.0,Detroit
1162,2017-09-10,2.934,1.929,1.193,0.285,0.0,organic,2017.0,Detroit
1163,2017-09-03,2.929,2.175,1.247,0.593,0.0,organic,2017.0,Detroit
1164,2017-08-27,2.797,1.842,1.223,0.338,0.0,organic,2017.0,Detroit
1165,2017-08-20,2.766,2.013,1.282,0.334,0.0,organic,2017.0,Detroit
1166,2017-08-13,2.734,1.45,1.012,0.041,0.0,organic,2017.0,Detroit
1167,2017-08-06,2.821,1.606,1.069,0.169,0.0,organic,2017.0,Detroit
1168,2017-07-30,2.779,1.799,0.991,0.422,0.0,organic,2017.0,Detroit
1169,2017-07-23,2.856,2.519,1.002,0.906,0.0,organic,2017.0,Detroit
1170,2017-07-16,2.773,2.273,1.084,0.672,0.0,organic,2017.0,Detroit
1171,2017-07-09,2.688,1.772,0.055,1.142,0.0,organic,2017.0,Detroit
1172,2017-07-02,2.667,1.974,0.034,1.499,0.0,organic,2017.0,Detroit
1173,2017-06-25,2.632,1.36,0.054,0.958,0.0,organic,2017.0,Detroit
1174,2017-06-18,2.715,1.524,0.032,0.944,0.0,organic,2017.0,Detroit
1175,2017-06-11,2.219,3.836,0.065,3.252,0.0,organic,2017.0,Detroit
1176,2017-06-04,2.862,1.412,0.092,0.792,0.0,organic,2017.0,Detroit
1177,2017-05-28,2.797,1.839,0.11,1.203,0.0,organic,2017.0,Detroit
1178,2017-05-21,2.708,1.373,0.134,0.725,0.0,organic,2017.0,Detroit
1179,2017-05-14,2.868,1.086,0.132,0.353,0.0,organic,2017.0,Detroit
1180,2017-05-07,2.896,1.446,0.044,0.774,0.0,organic,2017.0,Detroit
1181,2017-04-30,2.907,1.453,0.082,0.714,0.0,organic,2017.0,Detroit
1182,2017-04-23,2.885,0.79,0.128,0.215,0.0,organic,2017.0,Detroit
1183,2017-04-16,2.23,3.126,0.097,2.397,0.0,organic,2017.0,Detroit
1184,2017-04-09,2.197,2.325,0.101,1.639,0.0,organic,2017.0,Detroit
1185,2017-04-02,2.681,1.127,0.103,0.487,0.0,organic,2017.0,Detroit
1186,2017-03-26,1.872,4.285,0.064,3.603,0.0,organic,2017.0,Detroit
1187,2017-03-19,2.58,1.187,0.067,0.446,0.0,organic,2017.0,Detroit
1188,2017-03-12,1.946,2.76,0.075,2.107,0.0,organic,2017.0,Detroit
1189,2017-03-05,1.569,5.089,0.139,4.465,0.0,organic,2017.0,Detroit
1190,2017-02-26,1.74,3.528,0.083,2.92,0.0,organic,2017.0,Detroit
1191,2017-02-19,1.74,3.839,0.115,3.043,0.0,organic,2017.0,Detroit
1192,2017-02-12,2.104,1.899,0.115,1.115,0.0,organic,2017.0,Detroit
1193,2017-02-05,2.14,1.617,0.068,1.043,0.0,organic,2017.0,Detroit
1194,2017-01-29,2.734,0.785,0.077,0.169,0.0,organic,2017.0,Detroit
1195,2017-01-22,2.041,1.945,0.133,1.337,0.0,organic,2017.0,Detroit
1196,2017-01-15,2.934,0.788,0.094,0.002,0.0,organic,2017.0,Detroit
1197,2017-01-08,2.856,0.816,0.097,0.068,0.0,organic,2017.0,Detroit
1198,2017-01-01,2.874,0.755,0.028,0.011,0.0,organic,2017.0,Detroit
1199,2017-12-31,2.996,1.415,0.346,0.0,0.0,organic,2017.0,SanDiego
1200,2017-12-24,2.901,1.528,0.538,0.0,0.0,organic,2017.0,SanDiego
1201,2017-12-17,2.734,1.405,0.425,0.0,0.0,organic,2017.0,SanDiego
1202,2017-12-10,3.02,1.328,0.395,0.0,0.0,organic,2017.0,SanDiego
1203,2017-12-03,2.885,1.348,0.521,0.0,0.0,organic,2017.0,SanDiego
1204,2017-11-26,3.077,1.156,0.385,0.0,0.0,organic,2017.0,SanDiego
1205,2017-11-19,3.077,1.235,0.424,0.0,0.0,organic,2017.0,SanDiego
1206,2017-11-12,3.059,1.15,0.462,0.0,0.0,organic,2017.0,SanDiego
1207,2017-11-05,2.773,1.645,0.487,0.0,0.0,organic,2017.0,SanDiego
1208,2017-10-29,3.059,1.218,0.509,0.0,0.0,organic,2017.0,SanDiego
1209,2017-10-22,3.068,1.301,0.51,0.0,0.0,organic,2017.0,SanDiego
1210,2017-10-15,3.114,1.147,0.423,0.001,0.0,organic,2017.0,SanDiego
1211,2017-10-08,3.148,1.301,0.41,0.0,0.0,organic,2017.0,SanDiego
1212,2017-10-01,3.122,1.351,0.306,0.0,0.0,organic,2017.0,SanDiego
1213,2017-09-24,3.105,1.417,0.133,0.0,0.0,organic,2017.0,SanDiego
1214,2017-09-17,3.174,1.267,0.112,0.0,0.0,organic,2017.0,SanDiego
1215,2017-09-10,3.165,1.277,0.171,0.0,0.0,organic,2017.0,SanDiego
1216,2017-09-03,3.001,1.517,0.31,0.0,0.0,organic,2017.0,SanDiego
1217,2017-08-27,3.246,1.114,0.243,0.0,0.0,organic,2017.0,SanDiego
1218,2017-08-20,3.186,1.411,0.587,0.003,0.0,organic,2017.0,SanDiego
1219,2017-08-13,3.144,1.251,0.55,0.0,0.0,organic,2017.0,SanDiego
1220,2017-08-06,3.165,1.298,0.496,0.0,0.0,organic,2017.0,SanDiego
1221,2017-07-30,3.165,1.259,0.487,0.003,0.0,organic,2017.0,SanDiego
1222,2017-07-23,3.14,1.363,0.431,0.0,0.0,organic,2017.0,SanDiego
1223,2017-07-16,3.135,1.406,0.418,0.0,0.0,organic,2017.0,SanDiego
1224,2017-07-09,2.95,1.925,0.789,0.0,0.0,organic,2017.0,SanDiego
1225,2017-07-02,2.996,1.991,0.712,0.002,0.0,organic,2017.0,SanDiego
1226,2017-06-25,2.851,1.774,0.848,0.0,0.0,organic,2017.0,SanDiego
1227,2017-06-18,2.89,1.686,0.74,0.003,0.0,organic,2017.0,SanDiego
1228,2017-06-11,3.025,1.255,0.285,0.003,0.0,organic,2017.0,SanDiego
1229,2017-06-04,2.839,1.87,0.539,0.0,0.0,organic,2017.0,SanDiego
1230,2017-05-28,2.95,1.742,0.663,0.0,0.0,organic,2017.0,SanDiego
1231,2017-05-21,3.02,1.545,0.47,0.0,0.0,organic,2017.0,SanDiego
1232,2017-05-14,3.1,1.259,0.162,0.003,0.0,organic,2017.0,SanDiego
1233,2017-05-07,2.845,2.18,0.57,0.006,0.0,organic,2017.0,SanDiego
1234,2017-04-30,2.907,1.783,0.525,0.106,0.0,organic,2017.0,SanDiego
1235,2017-04-23,2.981,1.454,0.072,0.325,0.0,organic,2017.0,SanDiego
1236,2017-04-16,3.035,1.404,0.056,0.262,0.0,organic,2017.0,SanDiego
1237,2017-04-09,2.965,1.379,0.092,0.212,0.0,organic,2017.0,SanDiego
1238,2017-04-02,2.934,1.617,0.279,0.113,0.0,organic,2017.0,SanDiego
1239,2017-03-26,3.025,1.439,0.069,0.079,0.0,organic,2017.0,SanDiego
1240,2017-03-19,2.766,2.217,0.108,0.655,0.0,organic,2017.0,SanDiego
1241,2017-03-12,2.845,1.723,0.236,0.406,0.0,organic,2017.0,SanDiego
1242,2017-03-05,2.653,2.062,0.074,1.001,0.0,organic,2017.0,SanDiego
1243,2017-02-26,2.653,2.006,0.366,0.487,0.0,organic,2017.0,SanDiego
1244,2017-02-19,2.639,1.978,0.739,0.016,0.0,organic,2017.0,SanDiego
1245,2017-02-12,2.809,0.908,0.086,0.016,0.0,organic,2017.0,SanDiego
1246,2017-02-05,2.741,1.41,0.127,0.016,0.0,organic,2017.0,SanDiego
1247,2017-01-29,2.493,1.819,0.33,0.445,0.0,organic,2017.0,SanDiego
1248,2017-01-22,2.851,1.084,0.063,0.133,0.0,organic,2017.0,SanDiego
1249,2017-01-15,2.901,1.158,0.099,0.042,0.0,organic,2017.0,SanDiego
1250,2017-01-08,2.721,1.678,0.327,0.172,0.0,organic,2017.0,SanDiego
1251,2017-01-01,2.674,1.575,0.096,0.479,0.0,organic,2017.0,SanDiego
1252,2017-12-31,2.721,2.47,0.187,0.0,0.0,organic,2017.0,SanFrancisco
1253,2017-12-24,3.001,1.854,0.24,0.0,0.0,organic,2017.0,SanFrancisco
1254,2017-12-17,3.045,1.785,0.209,0.0,0.0,organic,2017.0,SanFrancisco
1255,2017-12-10,3.122,1.514,0.099,0.0,0.0,organic,2017.0,SanFrancisco
1256,2017-12-03,3.03,1.474,0.071,0.0,0.0,organic,2017.0,SanFrancisco
1257,2017-11-26,3.025,1.57,0.078,0.0,0.0,organic,2017.0,SanFrancisco
1258,2017-11-19,3.025,1.762,0.073,0.0,0.0,organic,2017.0,SanFrancisco
1259,2017-11-12,3.03,1.934,0.061,0.0,0.0,organic,2017.0,SanFrancisco
1260,2017-11-05,3.02,2.021,0.116,0.0,0.0,organic,2017.0,SanFrancisco
1261,2017-10-29,3.04,1.995,0.069,0.0,0.0,organic,2017.0,SanFrancisco
1262,2017-10-22,3.035,1.885,0.113,0.0,0.0,organic,2017.0,SanFrancisco
1263,2017-10-15,3.04,1.903,0.058,0.0,0.0,organic,2017.0,SanFrancisco
1264,2017-10-08,3.03,2.034,0.108,0.0,0.0,organic,2017.0,SanFrancisco
1265,2017-10-01,3.016,2.27,0.098,0.0,0.0,organic,2017.0,SanFrancisco
1266,2017-09-24,3.025,1.91,0.069,0.0,0.0,organic,2017.0,SanFrancisco
1267,2017-09-17,3.016,3.219,0.078,0.0,0.0,organic,2017.0,SanFrancisco
1268,2017-09-10,3.02,2.834,0.045,0.0,0.0,organic,2017.0,SanFrancisco
1269,2017-09-03,3.035,2.284,0.077,0.0,0.0,organic,2017.0,SanFrancisco
1270,2017-08-27,3.401,1.933,0.09,0.0,0.0,organic,2017.0,SanFrancisco
1271,2017-08-20,3.378,2.152,0.416,0.0,0.0,organic,2017.0,SanFrancisco
1272,2017-08-13,3.246,2.23,0.476,0.0,0.0,organic,2017.0,SanFrancisco
1273,2017-08-06,3.148,1.335,0.436,0.001,0.0,organic,2017.0,SanFrancisco
1274,2017-07-30,3.063,1.011,0.433,0.001,0.0,organic,2017.0,SanFrancisco
1275,2017-07-23,3.195,1.683,0.458,0.002,0.0,organic,2017.0,SanFrancisco
1276,2017-07-16,3.178,1.41,0.414,0.0,0.0,organic,2017.0,SanFrancisco
1277,2017-07-09,3.199,0.831,0.262,0.002,0.0,organic,2017.0,SanFrancisco
1278,2017-07-02,3.254,1.228,0.277,0.002,0.0,organic,2017.0,SanFrancisco
1279,2017-06-25,3.281,1.569,0.301,0.001,0.0,organic,2017.0,SanFrancisco
1280,2017-06-18,3.318,2.404,0.307,0.003,0.0,organic,2017.0,SanFrancisco
1281,2017-06-11,3.321,2.581,0.334,0.0,0.0,organic,2017.0,SanFrancisco
1282,2017-06-04,3.303,2.39,0.361,0.005,0.0,organic,2017.0,SanFrancisco
1283,2017-05-28,3.307,2.485,0.32,0.002,0.0,organic,2017.0,SanFrancisco
1284,2017-05-21,3.277,2.256,0.264,0.003,0.0,organic,2017.0,SanFrancisco
1285,2017-05-14,3.273,2.084,0.32,0.002,0.0,organic,2017.0,SanFrancisco
1286,2017-05-07,3.235,1.94,0.348,0.002,0.0,organic,2017.0,SanFrancisco
1287,2017-04-30,3.25,2.279,0.339,0.001,0.0,organic,2017.0,SanFrancisco
1288,2017-04-23,3.243,2.133,0.332,0.001,0.0,organic,2017.0,SanFrancisco
1289,2017-04-16,3.254,2.303,0.339,0.004,0.0,organic,2017.0,SanFrancisco
1290,2017-04-09,3.235,2.123,0.373,0.002,0.0,organic,2017.0,SanFrancisco
1291,2017-04-02,3.254,2.13,0.327,0.0,0.0,organic,2017.0,SanFrancisco
1292,2017-03-26,3.343,2.017,0.297,0.0,0.0,organic,2017.0,SanFrancisco
1293,2017-03-19,3.36,1.869,0.32,0.0,0.0,organic,2017.0,SanFrancisco
1294,2017-03-12,3.367,1.769,0.304,0.0,0.0,organic,2017.0,SanFrancisco
1295,2017-03-05,3.374,2.122,0.315,0.0,0.0,organic,2017.0,SanFrancisco
1296,2017-02-26,3.227,1.875,0.326,0.0,0.0,organic,2017.0,SanFrancisco
1297,2017-02-19,3.25,1.92,0.306,0.0,0.0,organic,2017.0,SanFrancisco
1298,2017-02-12,3.254,1.943,0.32,0.0,0.0,organic,2017.0,SanFrancisco
1299,2017-02-05,2.779,2.577,0.264,0.0,0.0,organic,2017.0,SanFrancisco
1300,2017-01-29,3.296,1.771,0.281,0.0,0.0,organic,2017.0,SanFrancisco
1301,2017-01-22,3.011,2.044,0.296,0.0,0.0,organic,2017.0,SanFrancisco
1302,2017-01-15,3.296,1.72,0.284,0.001,0.0,organic,2017.0,SanFrancisco
1303,2017-01-08,3.25,1.81,0.335,0.001,0.0,organic,2017.0,SanFrancisco
1304,2017-01-01,3.235,1.991,0.219,0.0,0.0,organic,2017.0,SanFrancisco
1305,2018-03-25,2.588,5.761,4.996,0.002,0.0,organic,2018.0,BaltimoreWashington
1306,2018-03-18,2.646,4.551,3.716,0.001,0.0,organic,2018.0,BaltimoreWashington
1307,2018-03-11,2.667,4.804,3.918,0.001,0.0,organic,2018.0,BaltimoreWashington
1308,2018-03-04,2.66,4.33,3.448,0.0,0.0,organic,2018.0,BaltimoreWashington
1309,2018-02-25,2.688,4.742,3.782,0.001,0.0,organic,2018.0,BaltimoreWashington
1310,2018-02-18,2.721,5.156,3.693,0.003,0.0,organic,2018.0,BaltimoreWashington
1311,2018-02-11,2.728,4.636,3.577,0.0,0.0,organic,2018.0,BaltimoreWashington
1312,2018-02-04,2.766,4.162,3.29,0.002,0.0,organic,2018.0,BaltimoreWashington
1313,2018-01-28,2.741,4.406,3.386,0.001,0.0,organic,2018.0,BaltimoreWashington
1314,2018-01-21,2.809,3.81,2.732,0.0,0.0,organic,2018.0,BaltimoreWashington
1315,2018-01-14,2.632,6.615,5.475,0.001,0.0,organic,2018.0,BaltimoreWashington
1316,2018-01-07,2.442,8.228,7.086,0.001,0.0,organic,2018.0,BaltimoreWashington
1317,2018-03-25,2.66,2.051,1.392,0.297,0.0,organic,2018.0,Detroit
1318,2018-03-18,2.485,6.336,2.287,2.034,0.0,organic,2018.0,Detroit
1319,2018-03-11,2.51,5.251,2.707,0.361,0.0,organic,2018.0,Detroit
1320,2018-03-04,2.451,2.453,2.085,0.038,0.0,organic,2018.0,Detroit
1321,2018-02-25,2.674,1.597,1.033,0.208,0.0,organic,2018.0,Detroit
1322,2018-02-18,2.595,1.465,1.157,0.001,0.0,organic,2018.0,Detroit
1323,2018-02-11,2.61,1.666,1.274,0.081,0.0,organic,2018.0,Detroit
1324,2018-02-04,2.58,1.754,1.382,0.066,0.0,organic,2018.0,Detroit
1325,2018-01-28,2.557,2.007,1.297,0.333,0.0,organic,2018.0,Detroit
1326,2018-01-21,2.646,2.212,1.122,0.668,0.0,organic,2018.0,Detroit
1327,2018-01-14,2.58,2.064,1.542,0.118,0.0,organic,2018.0,Detroit
1328,2018-01-07,2.501,2.312,1.683,0.162,0.0,organic,2018.0,Detroit
1329,2018-03-25,2.862,1.909,0.728,0.0,0.0,organic,2018.0,SanDiego
1330,2018-03-18,2.862,1.837,0.666,0.0,0.0,organic,2018.0,SanDiego
1331,2018-03-11,2.766,2.532,0.969,0.0,0.0,organic,2018.0,SanDiego
1332,2018-03-04,2.803,2.461,1.293,0.0,0.0,organic,2018.0,SanDiego
1333,2018-02-25,2.907,2.017,0.586,0.0,0.0,organic,2018.0,SanDiego
1334,2018-02-18,3.02,1.788,0.692,0.001,0.0,organic,2018.0,SanDiego
1335,2018-02-11,2.934,1.852,0.917,0.0,0.0,organic,2018.0,SanDiego
1336,2018-02-04,2.896,1.745,0.891,0.0,0.0,organic,2018.0,SanDiego
1337,2018-01-28,2.95,1.758,0.815,0.0,0.0,organic,2018.0,SanDiego
1338,2018-01-21,2.97,1.868,0.831,0.0,0.0,organic,2018.0,SanDiego
1339,2018-01-14,2.896,2.177,0.415,0.0,0.0,organic,2018.0,SanDiego
1340,2018-01-07,3.025,1.675,0.223,0.0,0.0,organic,2018.0,SanDiego
1341,2018-03-25,2.797,3.469,1.38,0.0,0.0,organic,2018.0,SanFrancisco
1342,2018-03-18,2.923,3.885,1.864,0.0,0.0,organic,2018.0,SanFrancisco
1343,2018-03-11,3.073,2.574,0.452,0.0,0.0,organic,2018.0,SanFrancisco
1344,2018-03-04,3.03,2.506,0.472,0.0,0.0,organic,2018.0,SanFrancisco
1345,2018-02-25,3.049,2.448,0.306,0.0,0.0,organic,2018.0,SanFrancisco
1346,2018-02-18,3.114,2.155,0.228,0.0,0.0,organic,2018.0,SanFrancisco
1347,2018-02-11,3.1,2.171,0.253,0.0,0.0,organic,2018.0,SanFrancisco
1348,2018-02-04,2.595,2.807,0.22,0.0,0.0,organic,2018.0,SanFrancisco
1349,2018-01-28,3.122,2.033,0.215,0.0,0.0,organic,2018.0,SanFrancisco
1350,2018-01-21,2.61,2.792,0.288,0.0,0.0,organic,2018.0,SanFrancisco
1351,2018-01-14,2.58,3.735,0.309,0.0,0.0,organic,2018.0,SanFrancisco
1352,2018-01-07,3.135,2.015,0.194,0.0,0.0,organic,2018.0,SanFrancisco
